stereo left,stereo right,selected img,label name,label id,roi params
/home/arturokkboss33/gestures/brodanski_aug_2/stereo_left/stereo_left_150.jpg,/home/arturokkboss33/gestures/brodanski_aug_2/stereo_right/stereo_right_150.jpg,left,three,13,"[286,61,93,145]"
/home/arturokkboss33/gestures/brodanski_aug_2/stereo_left/stereo_left_151.jpg,/home/arturokkboss33/gestures/brodanski_aug_2/stereo_right/stereo_right_151.jpg,right,three,13,"[99,58,117,157]"
/home/arturokkboss33/gestures/brodanski_aug_2/stereo_left/stereo_left_154.jpg,/home/arturokkboss33/gestures/brodanski_aug_2/stereo_right/stereo_right_154.jpg,left,three,13,"[279,54,106,164]"
/home/arturokkboss33/gestures/brodanski_aug_2/stereo_left/stereo_left_155.jpg,/home/arturokkboss33/gestures/brodanski_aug_2/stereo_right/stereo_right_155.jpg,right,three,13,"[94,61,114,151]"
/home/arturokkboss33/gestures/brodanski_aug_2/stereo_left/stereo_left_158.jpg,/home/arturokkboss33/gestures/brodanski_aug_2/stereo_right/stereo_right_158.jpg,left,three,13,"[277,63,104,157]"
/home/arturokkboss33/gestures/brodanski_aug_2/stereo_left/stereo_left_159.jpg,/home/arturokkboss33/gestures/brodanski_aug_2/stereo_right/stereo_right_159.jpg,right,three,13,"[97,64,114,153]"
/home/arturokkboss33/gestures/brodanski_aug_2/stereo_left/stereo_left_162.jpg,/home/arturokkboss33/gestures/brodanski_aug_2/stereo_right/stereo_right_162.jpg,left,three,13,"[265,59,103,154]"
/home/arturokkboss33/gestures/brodanski_aug_2/stereo_left/stereo_left_163.jpg,/home/arturokkboss33/gestures/brodanski_aug_2/stereo_right/stereo_right_163.jpg,right,three,13,"[100,62,104,148]"
/home/arturokkboss33/gestures/brodanski_aug_2/stereo_left/stereo_left_166.jpg,/home/arturokkboss33/gestures/brodanski_aug_2/stereo_right/stereo_right_166.jpg,left,three,13,"[276,49,101,169]"
/home/arturokkboss33/gestures/brodanski_aug_2/stereo_left/stereo_left_167.jpg,/home/arturokkboss33/gestures/brodanski_aug_2/stereo_right/stereo_right_167.jpg,right,three,13,"[106,53,106,155]"
/home/arturokkboss33/gestures/brodanski_aug_2/stereo_left/stereo_left_170.jpg,/home/arturokkboss33/gestures/brodanski_aug_2/stereo_right/stereo_right_170.jpg,left,three,13,"[285,57,89,154]"
/home/arturokkboss33/gestures/brodanski_aug_2/stereo_left/stereo_left_171.jpg,/home/arturokkboss33/gestures/brodanski_aug_2/stereo_right/stereo_right_171.jpg,right,three,13,"[108,61,103,143]"
/home/arturokkboss33/gestures/brodanski_aug_2/stereo_left/stereo_left_174.jpg,/home/arturokkboss33/gestures/brodanski_aug_2/stereo_right/stereo_right_174.jpg,left,three,13,"[277,55,101,150]"
/home/arturokkboss33/gestures/brodanski_aug_2/stereo_left/stereo_left_175.jpg,/home/arturokkboss33/gestures/brodanski_aug_2/stereo_right/stereo_right_175.jpg,right,three,13,"[111,66,97,139]"
/home/arturokkboss33/gestures/brodanski_aug_2/stereo_left/stereo_left_178.jpg,/home/arturokkboss33/gestures/brodanski_aug_2/stereo_right/stereo_right_178.jpg,left,three,13,"[280,70,105,153]"
/home/arturokkboss33/gestures/brodanski_aug_2/stereo_left/stereo_left_179.jpg,/home/arturokkboss33/gestures/brodanski_aug_2/stereo_right/stereo_right_179.jpg,right,three,13,"[107,69,109,156]"
/home/arturokkboss33/gestures/brodanski_aug_2/stereo_left/stereo_left_182.jpg,/home/arturokkboss33/gestures/brodanski_aug_2/stereo_right/stereo_right_182.jpg,left,three,13,"[282,76,112,144]"
/home/arturokkboss33/gestures/brodanski_aug_2/stereo_left/stereo_left_183.jpg,/home/arturokkboss33/gestures/brodanski_aug_2/stereo_right/stereo_right_183.jpg,right,three,13,"[112,71,100,142]"
/home/arturokkboss33/gestures/brodanski_aug_2/stereo_left/stereo_left_190.jpg,/home/arturokkboss33/gestures/brodanski_aug_2/stereo_right/stereo_right_190.jpg,left,num_delimiter,10,"[304,88,86,113]"
/home/arturokkboss33/gestures/brodanski_aug_2/stereo_left/stereo_left_191.jpg,/home/arturokkboss33/gestures/brodanski_aug_2/stereo_right/stereo_right_191.jpg,right,num_delimiter,10,"[148,86,102,115]"
/home/arturokkboss33/gestures/brodanski_aug_2/stereo_left/stereo_left_194.jpg,/home/arturokkboss33/gestures/brodanski_aug_2/stereo_right/stereo_right_194.jpg,left,num_delimiter,10,"[298,82,89,116]"
/home/arturokkboss33/gestures/brodanski_aug_2/stereo_left/stereo_left_195.jpg,/home/arturokkboss33/gestures/brodanski_aug_2/stereo_right/stereo_right_195.jpg,right,num_delimiter,10,"[136,96,113,109]"
/home/arturokkboss33/gestures/brodanski_aug_2/stereo_left/stereo_left_198.jpg,/home/arturokkboss33/gestures/brodanski_aug_2/stereo_right/stereo_right_198.jpg,left,num_delimiter,10,"[282,88,94,106]"
/home/arturokkboss33/gestures/brodanski_aug_2/stereo_left/stereo_left_199.jpg,/home/arturokkboss33/gestures/brodanski_aug_2/stereo_right/stereo_right_199.jpg,right,num_delimiter,10,"[128,86,105,110]"
/home/arturokkboss33/gestures/brodanski_aug_2/stereo_left/stereo_left_202.jpg,/home/arturokkboss33/gestures/brodanski_aug_2/stereo_right/stereo_right_202.jpg,left,num_delimiter,10,"[282,83,90,109]"
/home/arturokkboss33/gestures/brodanski_aug_2/stereo_left/stereo_left_203.jpg,/home/arturokkboss33/gestures/brodanski_aug_2/stereo_right/stereo_right_203.jpg,right,num_delimiter,10,"[129,99,96,100]"
/home/arturokkboss33/gestures/brodanski_aug_2/stereo_left/stereo_left_206.jpg,/home/arturokkboss33/gestures/brodanski_aug_2/stereo_right/stereo_right_206.jpg,left,num_delimiter,10,"[293,96,91,110]"
/home/arturokkboss33/gestures/brodanski_aug_2/stereo_left/stereo_left_207.jpg,/home/arturokkboss33/gestures/brodanski_aug_2/stereo_right/stereo_right_207.jpg,right,num_delimiter,10,"[138,99,93,98]"
/home/arturokkboss33/gestures/brodanski_aug_2/stereo_left/stereo_left_210.jpg,/home/arturokkboss33/gestures/brodanski_aug_2/stereo_right/stereo_right_210.jpg,left,num_delimiter,10,"[282,82,94,114]"
/home/arturokkboss33/gestures/brodanski_aug_2/stereo_left/stereo_left_211.jpg,/home/arturokkboss33/gestures/brodanski_aug_2/stereo_right/stereo_right_211.jpg,right,num_delimiter,10,"[137,85,92,110]"
/home/arturokkboss33/gestures/brodanski_aug_2/stereo_left/stereo_left_214.jpg,/home/arturokkboss33/gestures/brodanski_aug_2/stereo_right/stereo_right_214.jpg,left,num_delimiter,10,"[281,80,96,104]"
/home/arturokkboss33/gestures/brodanski_aug_2/stereo_left/stereo_left_215.jpg,/home/arturokkboss33/gestures/brodanski_aug_2/stereo_right/stereo_right_215.jpg,right,num_delimiter,10,"[129,87,100,99]"
/home/arturokkboss33/gestures/brodanski_aug_2/stereo_left/stereo_left_218.jpg,/home/arturokkboss33/gestures/brodanski_aug_2/stereo_right/stereo_right_218.jpg,left,num_delimiter,10,"[281,80,102,108]"
/home/arturokkboss33/gestures/brodanski_aug_2/stereo_left/stereo_left_219.jpg,/home/arturokkboss33/gestures/brodanski_aug_2/stereo_right/stereo_right_219.jpg,right,num_delimiter,10,"[128,82,101,115]"
/home/arturokkboss33/gestures/brodanski_aug_2/stereo_left/stereo_left_222.jpg,/home/arturokkboss33/gestures/brodanski_aug_2/stereo_right/stereo_right_222.jpg,left,num_delimiter,10,"[277,74,111,123]"
/home/arturokkboss33/gestures/brodanski_aug_2/stereo_left/stereo_left_223.jpg,/home/arturokkboss33/gestures/brodanski_aug_2/stereo_right/stereo_right_223.jpg,right,num_delimiter,10,"[146,84,95,118]"
/home/arturokkboss33/gestures/brodanski_aug_2/stereo_left/stereo_left_226.jpg,/home/arturokkboss33/gestures/brodanski_aug_2/stereo_right/stereo_right_226.jpg,left,num_delimiter,10,"[306,86,91,115]"
/home/arturokkboss33/gestures/brodanski_aug_2/stereo_left/stereo_left_227.jpg,/home/arturokkboss33/gestures/brodanski_aug_2/stereo_right/stereo_right_227.jpg,right,num_delimiter,10,"[152,92,93,115]"
/home/arturokkboss33/gestures/brodanski_aug_2/stereo_left/stereo_left_230.jpg,/home/arturokkboss33/gestures/brodanski_aug_2/stereo_right/stereo_right_230.jpg,left,num_delimiter,10,"[301,88,97,105]"
/home/arturokkboss33/gestures/brodanski_aug_2/stereo_left/stereo_left_231.jpg,/home/arturokkboss33/gestures/brodanski_aug_2/stereo_right/stereo_right_231.jpg,right,num_delimiter,10,"[145,84,96,104]"
/home/arturokkboss33/gestures/brodanski_aug_2/stereo_left/stereo_left_235.jpg,/home/arturokkboss33/gestures/brodanski_aug_2/stereo_right/stereo_right_235.jpg,right,two,12,"[126,32,88,147]"
/home/arturokkboss33/gestures/brodanski_aug_2/stereo_left/stereo_left_238.jpg,/home/arturokkboss33/gestures/brodanski_aug_2/stereo_right/stereo_right_238.jpg,left,two,12,"[297,53,92,170]"
/home/arturokkboss33/gestures/brodanski_aug_2/stereo_left/stereo_left_239.jpg,/home/arturokkboss33/gestures/brodanski_aug_2/stereo_right/stereo_right_239.jpg,right,two,12,"[124,61,107,165]"
/home/arturokkboss33/gestures/brodanski_aug_2/stereo_left/stereo_left_242.jpg,/home/arturokkboss33/gestures/brodanski_aug_2/stereo_right/stereo_right_242.jpg,left,two,12,"[293,57,107,169]"
/home/arturokkboss33/gestures/brodanski_aug_2/stereo_left/stereo_left_243.jpg,/home/arturokkboss33/gestures/brodanski_aug_2/stereo_right/stereo_right_243.jpg,right,two,12,"[128,57,103,171]"
/home/arturokkboss33/gestures/brodanski_aug_2/stereo_left/stereo_left_246.jpg,/home/arturokkboss33/gestures/brodanski_aug_2/stereo_right/stereo_right_246.jpg,left,two,12,"[292,63,99,162]"
/home/arturokkboss33/gestures/brodanski_aug_2/stereo_left/stereo_left_247.jpg,/home/arturokkboss33/gestures/brodanski_aug_2/stereo_right/stereo_right_247.jpg,right,two,12,"[109,61,113,157]"
/home/arturokkboss33/gestures/brodanski_aug_2/stereo_left/stereo_left_250.jpg,/home/arturokkboss33/gestures/brodanski_aug_2/stereo_right/stereo_right_250.jpg,left,two,12,"[294,64,93,165]"
/home/arturokkboss33/gestures/brodanski_aug_2/stereo_left/stereo_left_251.jpg,/home/arturokkboss33/gestures/brodanski_aug_2/stereo_right/stereo_right_251.jpg,right,two,12,"[115,70,98,150]"
/home/arturokkboss33/gestures/brodanski_aug_2/stereo_left/stereo_left_254.jpg,/home/arturokkboss33/gestures/brodanski_aug_2/stereo_right/stereo_right_254.jpg,left,two,12,"[287,61,100,176]"
/home/arturokkboss33/gestures/brodanski_aug_2/stereo_left/stereo_left_255.jpg,/home/arturokkboss33/gestures/brodanski_aug_2/stereo_right/stereo_right_255.jpg,right,two,12,"[112,64,98,166]"
/home/arturokkboss33/gestures/brodanski_aug_2/stereo_left/stereo_left_258.jpg,/home/arturokkboss33/gestures/brodanski_aug_2/stereo_right/stereo_right_258.jpg,left,two,12,"[287,64,100,156]"
/home/arturokkboss33/gestures/brodanski_aug_2/stereo_left/stereo_left_259.jpg,/home/arturokkboss33/gestures/brodanski_aug_2/stereo_right/stereo_right_259.jpg,right,two,12,"[111,64,103,161]"
/home/arturokkboss33/gestures/brodanski_aug_2/stereo_left/stereo_left_262.jpg,/home/arturokkboss33/gestures/brodanski_aug_2/stereo_right/stereo_right_262.jpg,left,two,12,"[265,67,114,155]"
/home/arturokkboss33/gestures/brodanski_aug_2/stereo_left/stereo_left_263.jpg,/home/arturokkboss33/gestures/brodanski_aug_2/stereo_right/stereo_right_263.jpg,right,two,12,"[101,63,95,166]"
/home/arturokkboss33/gestures/brodanski_aug_2/stereo_left/stereo_left_266.jpg,/home/arturokkboss33/gestures/brodanski_aug_2/stereo_right/stereo_right_266.jpg,left,two,12,"[264,66,104,168]"
/home/arturokkboss33/gestures/brodanski_aug_2/stereo_left/stereo_left_267.jpg,/home/arturokkboss33/gestures/brodanski_aug_2/stereo_right/stereo_right_267.jpg,right,two,12,"[95,59,119,166]"
/home/arturokkboss33/gestures/brodanski_aug_2/stereo_left/stereo_left_270.jpg,/home/arturokkboss33/gestures/brodanski_aug_2/stereo_right/stereo_right_270.jpg,left,two,12,"[257,63,116,171]"
/home/arturokkboss33/gestures/brodanski_aug_2/stereo_left/stereo_left_271.jpg,/home/arturokkboss33/gestures/brodanski_aug_2/stereo_right/stereo_right_271.jpg,right,two,12,"[91,64,113,168]"
/home/arturokkboss33/gestures/brodanski_aug_2/stereo_left/stereo_left_274.jpg,/home/arturokkboss33/gestures/brodanski_aug_2/stereo_right/stereo_right_274.jpg,left,two,12,"[263,74,116,158]"
/home/arturokkboss33/gestures/brodanski_aug_2/stereo_left/stereo_left_275.jpg,/home/arturokkboss33/gestures/brodanski_aug_2/stereo_right/stereo_right_275.jpg,right,two,12,"[80,68,124,155]"
/home/arturokkboss33/gestures/brodanski_aug_2/stereo_left/stereo_left_279.jpg,/home/arturokkboss33/gestures/brodanski_aug_2/stereo_right/stereo_right_279.jpg,right,num_delimiter,10,"[148,61,95,101]"
/home/arturokkboss33/gestures/brodanski_aug_2/stereo_left/stereo_left_282.jpg,/home/arturokkboss33/gestures/brodanski_aug_2/stereo_right/stereo_right_282.jpg,left,num_delimiter,10,"[305,86,97,110]"
/home/arturokkboss33/gestures/brodanski_aug_2/stereo_left/stereo_left_283.jpg,/home/arturokkboss33/gestures/brodanski_aug_2/stereo_right/stereo_right_283.jpg,right,num_delimiter,10,"[153,89,92,114]"
/home/arturokkboss33/gestures/brodanski_aug_2/stereo_left/stereo_left_286.jpg,/home/arturokkboss33/gestures/brodanski_aug_2/stereo_right/stereo_right_286.jpg,left,num_delimiter,10,"[294,88,105,119]"
/home/arturokkboss33/gestures/brodanski_aug_2/stereo_left/stereo_left_287.jpg,/home/arturokkboss33/gestures/brodanski_aug_2/stereo_right/stereo_right_287.jpg,right,num_delimiter,10,"[145,96,93,117]"
/home/arturokkboss33/gestures/brodanski_aug_2/stereo_left/stereo_left_290.jpg,/home/arturokkboss33/gestures/brodanski_aug_2/stereo_right/stereo_right_290.jpg,left,num_delimiter,10,"[301,83,91,127]"
/home/arturokkboss33/gestures/brodanski_aug_2/stereo_left/stereo_left_291.jpg,/home/arturokkboss33/gestures/brodanski_aug_2/stereo_right/stereo_right_291.jpg,right,num_delimiter,10,"[143,82,95,119]"
/home/arturokkboss33/gestures/brodanski_aug_2/stereo_left/stereo_left_294.jpg,/home/arturokkboss33/gestures/brodanski_aug_2/stereo_right/stereo_right_294.jpg,left,num_delimiter,10,"[302,87,100,119]"
/home/arturokkboss33/gestures/brodanski_aug_2/stereo_left/stereo_left_295.jpg,/home/arturokkboss33/gestures/brodanski_aug_2/stereo_right/stereo_right_295.jpg,right,num_delimiter,10,"[140,86,110,112]"
/home/arturokkboss33/gestures/brodanski_aug_2/stereo_left/stereo_left_298.jpg,/home/arturokkboss33/gestures/brodanski_aug_2/stereo_right/stereo_right_298.jpg,left,num_delimiter,10,"[299,86,100,126]"
/home/arturokkboss33/gestures/brodanski_aug_2/stereo_left/stereo_left_299.jpg,/home/arturokkboss33/gestures/brodanski_aug_2/stereo_right/stereo_right_299.jpg,right,num_delimiter,10,"[144,91,95,107]"
/home/arturokkboss33/gestures/brodanski_aug_2/stereo_left/stereo_left_302.jpg,/home/arturokkboss33/gestures/brodanski_aug_2/stereo_right/stereo_right_302.jpg,left,num_delimiter,10,"[304,81,100,117]"
/home/arturokkboss33/gestures/brodanski_aug_2/stereo_left/stereo_left_303.jpg,/home/arturokkboss33/gestures/brodanski_aug_2/stereo_right/stereo_right_303.jpg,right,num_delimiter,10,"[153,82,95,112]"
/home/arturokkboss33/gestures/brodanski_aug_2/stereo_left/stereo_left_306.jpg,/home/arturokkboss33/gestures/brodanski_aug_2/stereo_right/stereo_right_306.jpg,left,num_delimiter,10,"[306,79,94,126]"
/home/arturokkboss33/gestures/brodanski_aug_2/stereo_left/stereo_left_307.jpg,/home/arturokkboss33/gestures/brodanski_aug_2/stereo_right/stereo_right_307.jpg,right,num_delimiter,10,"[151,85,92,109]"
/home/arturokkboss33/gestures/brodanski_aug_2/stereo_left/stereo_left_310.jpg,/home/arturokkboss33/gestures/brodanski_aug_2/stereo_right/stereo_right_310.jpg,left,num_delimiter,10,"[311,84,95,112]"
/home/arturokkboss33/gestures/brodanski_aug_2/stereo_left/stereo_left_311.jpg,/home/arturokkboss33/gestures/brodanski_aug_2/stereo_right/stereo_right_311.jpg,right,num_delimiter,10,"[143,96,119,105]"
/home/arturokkboss33/gestures/brodanski_aug_2/stereo_left/stereo_left_314.jpg,/home/arturokkboss33/gestures/brodanski_aug_2/stereo_right/stereo_right_314.jpg,left,num_delimiter,10,"[294,88,114,118]"
/home/arturokkboss33/gestures/brodanski_aug_2/stereo_left/stereo_left_315.jpg,/home/arturokkboss33/gestures/brodanski_aug_2/stereo_right/stereo_right_315.jpg,right,num_delimiter,10,"[132,91,106,110]"
/home/arturokkboss33/gestures/brodanski_aug_2/stereo_left/stereo_left_318.jpg,/home/arturokkboss33/gestures/brodanski_aug_2/stereo_right/stereo_right_318.jpg,left,num_delimiter,10,"[305,88,92,115]"
/home/arturokkboss33/gestures/brodanski_aug_2/stereo_left/stereo_left_319.jpg,/home/arturokkboss33/gestures/brodanski_aug_2/stereo_right/stereo_right_319.jpg,right,num_delimiter,10,"[135,96,111,106]"
/home/arturokkboss33/gestures/brodanski_aug_2/stereo_left/stereo_left_323.jpg,/home/arturokkboss33/gestures/brodanski_aug_2/stereo_right/stereo_right_323.jpg,right,end_comm,1,"[214,85,102,148]"
/home/arturokkboss33/gestures/brodanski_aug_2/stereo_left/stereo_left_326.jpg,/home/arturokkboss33/gestures/brodanski_aug_2/stereo_right/stereo_right_326.jpg,left,end_comm,1,"[399,110,81,144]"
/home/arturokkboss33/gestures/brodanski_aug_2/stereo_left/stereo_left_327.jpg,/home/arturokkboss33/gestures/brodanski_aug_2/stereo_right/stereo_right_327.jpg,right,end_comm,1,"[223,91,90,147]"
/home/arturokkboss33/gestures/brodanski_aug_2/stereo_left/stereo_left_330.jpg,/home/arturokkboss33/gestures/brodanski_aug_2/stereo_right/stereo_right_330.jpg,left,end_comm,1,"[385,95,87,155]"
/home/arturokkboss33/gestures/brodanski_aug_2/stereo_left/stereo_left_331.jpg,/home/arturokkboss33/gestures/brodanski_aug_2/stereo_right/stereo_right_331.jpg,right,end_comm,1,"[230,104,79,147]"
/home/arturokkboss33/gestures/brodanski_aug_2/stereo_left/stereo_left_334.jpg,/home/arturokkboss33/gestures/brodanski_aug_2/stereo_right/stereo_right_334.jpg,left,end_comm,1,"[379,101,84,141]"
/home/arturokkboss33/gestures/brodanski_aug_2/stereo_left/stereo_left_335.jpg,/home/arturokkboss33/gestures/brodanski_aug_2/stereo_right/stereo_right_335.jpg,right,end_comm,1,"[223,96,86,144]"
/home/arturokkboss33/gestures/brodanski_aug_2/stereo_left/stereo_left_338.jpg,/home/arturokkboss33/gestures/brodanski_aug_2/stereo_right/stereo_right_338.jpg,left,end_comm,1,"[383,98,80,147]"
/home/arturokkboss33/gestures/brodanski_aug_2/stereo_left/stereo_left_339.jpg,/home/arturokkboss33/gestures/brodanski_aug_2/stereo_right/stereo_right_339.jpg,right,end_comm,1,"[224,93,99,150]"
/home/arturokkboss33/gestures/brodanski_aug_2/stereo_left/stereo_left_342.jpg,/home/arturokkboss33/gestures/brodanski_aug_2/stereo_right/stereo_right_342.jpg,left,end_comm,1,"[374,97,81,140]"
/home/arturokkboss33/gestures/brodanski_aug_2/stereo_left/stereo_left_343.jpg,/home/arturokkboss33/gestures/brodanski_aug_2/stereo_right/stereo_right_343.jpg,right,end_comm,1,"[220,90,96,150]"
/home/arturokkboss33/gestures/brodanski_aug_2/stereo_left/stereo_left_346.jpg,/home/arturokkboss33/gestures/brodanski_aug_2/stereo_right/stereo_right_346.jpg,left,end_comm,1,"[367,86,86,140]"
/home/arturokkboss33/gestures/brodanski_aug_2/stereo_left/stereo_left_347.jpg,/home/arturokkboss33/gestures/brodanski_aug_2/stereo_right/stereo_right_347.jpg,right,end_comm,1,"[210,86,96,147]"
/home/arturokkboss33/gestures/brodanski_aug_2/stereo_left/stereo_left_350.jpg,/home/arturokkboss33/gestures/brodanski_aug_2/stereo_right/stereo_right_350.jpg,left,end_comm,1,"[382,98,86,144]"
/home/arturokkboss33/gestures/brodanski_aug_2/stereo_left/stereo_left_351.jpg,/home/arturokkboss33/gestures/brodanski_aug_2/stereo_right/stereo_right_351.jpg,right,end_comm,1,"[215,78,98,158]"
/home/arturokkboss33/gestures/brodanski_aug_2/stereo_left/stereo_left_354.jpg,/home/arturokkboss33/gestures/brodanski_aug_2/stereo_right/stereo_right_354.jpg,left,end_comm,1,"[382,93,82,138]"
/home/arturokkboss33/gestures/brodanski_aug_2/stereo_left/stereo_left_355.jpg,/home/arturokkboss33/gestures/brodanski_aug_2/stereo_right/stereo_right_355.jpg,right,end_comm,1,"[225,98,82,137]"
/home/arturokkboss33/gestures/brodanski_aug_2/stereo_left/stereo_left_358.jpg,/home/arturokkboss33/gestures/brodanski_aug_2/stereo_right/stereo_right_358.jpg,left,end_comm,1,"[375,85,76,144]"
/home/arturokkboss33/gestures/brodanski_aug_2/stereo_left/stereo_left_359.jpg,/home/arturokkboss33/gestures/brodanski_aug_2/stereo_right/stereo_right_359.jpg,right,end_comm,1,"[205,81,84,147]"
/home/arturokkboss33/gestures/brodanski_aug_2/stereo_left/stereo_left_378.jpg,/home/arturokkboss33/gestures/brodanski_aug_2/stereo_right/stereo_right_378.jpg,left,start_comm,0,"[357,88,98,147]"
/home/arturokkboss33/gestures/brodanski_aug_2/stereo_left/stereo_left_379.jpg,/home/arturokkboss33/gestures/brodanski_aug_2/stereo_right/stereo_right_379.jpg,right,start_comm,0,"[209,86,96,151]"
/home/arturokkboss33/gestures/brodanski_aug_2/stereo_left/stereo_left_382.jpg,/home/arturokkboss33/gestures/brodanski_aug_2/stereo_right/stereo_right_382.jpg,left,start_comm,0,"[361,86,92,149]"
/home/arturokkboss33/gestures/brodanski_aug_2/stereo_left/stereo_left_383.jpg,/home/arturokkboss33/gestures/brodanski_aug_2/stereo_right/stereo_right_383.jpg,right,start_comm,0,"[203,85,81,134]"
/home/arturokkboss33/gestures/brodanski_aug_2/stereo_left/stereo_left_386.jpg,/home/arturokkboss33/gestures/brodanski_aug_2/stereo_right/stereo_right_386.jpg,left,start_comm,0,"[350,74,99,148]"
/home/arturokkboss33/gestures/brodanski_aug_2/stereo_left/stereo_left_387.jpg,/home/arturokkboss33/gestures/brodanski_aug_2/stereo_right/stereo_right_387.jpg,right,start_comm,0,"[203,73,93,143]"
/home/arturokkboss33/gestures/brodanski_aug_2/stereo_left/stereo_left_390.jpg,/home/arturokkboss33/gestures/brodanski_aug_2/stereo_right/stereo_right_390.jpg,left,start_comm,0,"[359,80,104,161]"
/home/arturokkboss33/gestures/brodanski_aug_2/stereo_left/stereo_left_391.jpg,/home/arturokkboss33/gestures/brodanski_aug_2/stereo_right/stereo_right_391.jpg,right,start_comm,0,"[200,83,104,151]"
/home/arturokkboss33/gestures/brodanski_aug_2/stereo_left/stereo_left_394.jpg,/home/arturokkboss33/gestures/brodanski_aug_2/stereo_right/stereo_right_394.jpg,left,start_comm,0,"[367,79,101,146]"
/home/arturokkboss33/gestures/brodanski_aug_2/stereo_left/stereo_left_395.jpg,/home/arturokkboss33/gestures/brodanski_aug_2/stereo_right/stereo_right_395.jpg,right,start_comm,0,"[210,83,98,141]"
/home/arturokkboss33/gestures/brodanski_aug_2/stereo_left/stereo_left_398.jpg,/home/arturokkboss33/gestures/brodanski_aug_2/stereo_right/stereo_right_398.jpg,left,start_comm,0,"[374,86,92,158]"
/home/arturokkboss33/gestures/brodanski_aug_2/stereo_left/stereo_left_399.jpg,/home/arturokkboss33/gestures/brodanski_aug_2/stereo_right/stereo_right_399.jpg,right,start_comm,0,"[218,86,102,138]"
/home/arturokkboss33/gestures/brodanski_aug_2/stereo_left/stereo_left_402.jpg,/home/arturokkboss33/gestures/brodanski_aug_2/stereo_right/stereo_right_402.jpg,left,start_comm,0,"[370,79,98,140]"
/home/arturokkboss33/gestures/brodanski_aug_2/stereo_left/stereo_left_403.jpg,/home/arturokkboss33/gestures/brodanski_aug_2/stereo_right/stereo_right_403.jpg,right,start_comm,0,"[217,79,94,142]"
/home/arturokkboss33/gestures/brodanski_aug_2/stereo_left/stereo_left_406.jpg,/home/arturokkboss33/gestures/brodanski_aug_2/stereo_right/stereo_right_406.jpg,left,start_comm,0,"[381,86,103,151]"
/home/arturokkboss33/gestures/brodanski_aug_2/stereo_left/stereo_left_407.jpg,/home/arturokkboss33/gestures/brodanski_aug_2/stereo_right/stereo_right_407.jpg,right,start_comm,0,"[225,87,86,143]"
/home/arturokkboss33/gestures/brodanski_aug_2/stereo_left/stereo_left_410.jpg,/home/arturokkboss33/gestures/brodanski_aug_2/stereo_right/stereo_right_410.jpg,left,start_comm,0,"[373,88,104,145]"
/home/arturokkboss33/gestures/brodanski_aug_2/stereo_left/stereo_left_411.jpg,/home/arturokkboss33/gestures/brodanski_aug_2/stereo_right/stereo_right_411.jpg,right,start_comm,0,"[216,88,100,152]"
/home/arturokkboss33/gestures/brodanski_aug_2/stereo_left/stereo_left_414.jpg,/home/arturokkboss33/gestures/brodanski_aug_2/stereo_right/stereo_right_414.jpg,left,start_comm,0,"[380,84,102,155]"
/home/arturokkboss33/gestures/brodanski_aug_2/stereo_left/stereo_left_415.jpg,/home/arturokkboss33/gestures/brodanski_aug_2/stereo_right/stereo_right_415.jpg,right,start_comm,0,"[219,90,99,154]"
/home/arturokkboss33/gestures/brodanski_aug_2/stereo_left/stereo_left_418.jpg,/home/arturokkboss33/gestures/brodanski_aug_2/stereo_right/stereo_right_418.jpg,left,start_comm,0,"[380,95,97,149]"
/home/arturokkboss33/gestures/brodanski_aug_2/stereo_left/stereo_left_419.jpg,/home/arturokkboss33/gestures/brodanski_aug_2/stereo_right/stereo_right_419.jpg,right,start_comm,0,"[221,88,91,144]"
/home/arturokkboss33/gestures/brodanski_aug_2/stereo_left/stereo_left_430.jpg,/home/arturokkboss33/gestures/brodanski_aug_2/stereo_right/stereo_right_430.jpg,left,boat,7,"[317,218,202,122]"
/home/arturokkboss33/gestures/brodanski_aug_2/stereo_left/stereo_left_431.jpg,/home/arturokkboss33/gestures/brodanski_aug_2/stereo_right/stereo_right_431.jpg,right,boat,7,"[148,230,189,115]"
/home/arturokkboss33/gestures/brodanski_aug_2/stereo_left/stereo_left_434.jpg,/home/arturokkboss33/gestures/brodanski_aug_2/stereo_right/stereo_right_434.jpg,left,boat,7,"[319,217,205,130]"
/home/arturokkboss33/gestures/brodanski_aug_2/stereo_left/stereo_left_435.jpg,/home/arturokkboss33/gestures/brodanski_aug_2/stereo_right/stereo_right_435.jpg,right,boat,7,"[160,225,173,108]"
/home/arturokkboss33/gestures/brodanski_aug_2/stereo_left/stereo_left_438.jpg,/home/arturokkboss33/gestures/brodanski_aug_2/stereo_right/stereo_right_438.jpg,left,boat,7,"[323,215,197,128]"
/home/arturokkboss33/gestures/brodanski_aug_2/stereo_left/stereo_left_439.jpg,/home/arturokkboss33/gestures/brodanski_aug_2/stereo_right/stereo_right_439.jpg,right,boat,7,"[166,233,183,113]"
/home/arturokkboss33/gestures/brodanski_aug_2/stereo_left/stereo_left_442.jpg,/home/arturokkboss33/gestures/brodanski_aug_2/stereo_right/stereo_right_442.jpg,left,boat,7,"[338,242,175,113]"
/home/arturokkboss33/gestures/brodanski_aug_2/stereo_left/stereo_left_443.jpg,/home/arturokkboss33/gestures/brodanski_aug_2/stereo_right/stereo_right_443.jpg,right,boat,7,"[141,232,174,146]"
/home/arturokkboss33/gestures/brodanski_aug_2/stereo_left/stereo_left_446.jpg,/home/arturokkboss33/gestures/brodanski_aug_2/stereo_right/stereo_right_446.jpg,left,boat,7,"[327,235,192,144]"
/home/arturokkboss33/gestures/brodanski_aug_2/stereo_left/stereo_left_447.jpg,/home/arturokkboss33/gestures/brodanski_aug_2/stereo_right/stereo_right_447.jpg,right,boat,7,"[165,239,181,131]"
/home/arturokkboss33/gestures/brodanski_aug_2/stereo_left/stereo_left_450.jpg,/home/arturokkboss33/gestures/brodanski_aug_2/stereo_right/stereo_right_450.jpg,left,boat,7,"[347,235,173,142]"
/home/arturokkboss33/gestures/brodanski_aug_2/stereo_left/stereo_left_451.jpg,/home/arturokkboss33/gestures/brodanski_aug_2/stereo_right/stereo_right_451.jpg,right,boat,7,"[159,240,190,118]"
/home/arturokkboss33/gestures/brodanski_aug_2/stereo_left/stereo_left_454.jpg,/home/arturokkboss33/gestures/brodanski_aug_2/stereo_right/stereo_right_454.jpg,left,boat,7,"[345,235,169,113]"
/home/arturokkboss33/gestures/brodanski_aug_2/stereo_left/stereo_left_455.jpg,/home/arturokkboss33/gestures/brodanski_aug_2/stereo_right/stereo_right_455.jpg,right,boat,7,"[165,236,153,114]"
/home/arturokkboss33/gestures/brodanski_aug_2/stereo_left/stereo_left_458.jpg,/home/arturokkboss33/gestures/brodanski_aug_2/stereo_right/stereo_right_458.jpg,left,boat,7,"[337,230,161,105]"
/home/arturokkboss33/gestures/brodanski_aug_2/stereo_left/stereo_left_459.jpg,/home/arturokkboss33/gestures/brodanski_aug_2/stereo_right/stereo_right_459.jpg,right,boat,7,"[156,235,171,102]"
/home/arturokkboss33/gestures/brodanski_aug_2/stereo_left/stereo_left_462.jpg,/home/arturokkboss33/gestures/brodanski_aug_2/stereo_right/stereo_right_462.jpg,left,boat,7,"[321,226,208,109]"
/home/arturokkboss33/gestures/brodanski_aug_2/stereo_left/stereo_left_463.jpg,/home/arturokkboss33/gestures/brodanski_aug_2/stereo_right/stereo_right_463.jpg,right,boat,7,"[162,229,181,106]"
/home/arturokkboss33/gestures/brodanski_aug_2/stereo_left/stereo_left_466.jpg,/home/arturokkboss33/gestures/brodanski_aug_2/stereo_right/stereo_right_466.jpg,left,boat,7,"[331,223,182,105]"
/home/arturokkboss33/gestures/brodanski_aug_2/stereo_left/stereo_left_467.jpg,/home/arturokkboss33/gestures/brodanski_aug_2/stereo_right/stereo_right_467.jpg,right,boat,7,"[170,225,171,106]"
/home/arturokkboss33/gestures/brodanski_aug_2/stereo_left/stereo_left_470.jpg,/home/arturokkboss33/gestures/brodanski_aug_2/stereo_right/stereo_right_470.jpg,left,boat,7,"[348,218,179,115]"
/home/arturokkboss33/gestures/brodanski_aug_2/stereo_left/stereo_left_471.jpg,/home/arturokkboss33/gestures/brodanski_aug_2/stereo_right/stereo_right_471.jpg,right,boat,7,"[170,215,166,110]"
/home/arturokkboss33/gestures/brodanski_aug_2/stereo_left/stereo_left_474.jpg,/home/arturokkboss33/gestures/brodanski_aug_2/stereo_right/stereo_right_474.jpg,left,boat,7,"[345,226,164,108]"
/home/arturokkboss33/gestures/brodanski_aug_2/stereo_left/stereo_left_475.jpg,/home/arturokkboss33/gestures/brodanski_aug_2/stereo_right/stereo_right_475.jpg,right,boat,7,"[176,218,162,109]"
/home/arturokkboss33/gestures/brodanski_aug_2/stereo_left/stereo_left_478.jpg,/home/arturokkboss33/gestures/brodanski_aug_2/stereo_right/stereo_right_478.jpg,left,boat,7,"[338,209,181,121]"
/home/arturokkboss33/gestures/brodanski_aug_2/stereo_left/stereo_left_479.jpg,/home/arturokkboss33/gestures/brodanski_aug_2/stereo_right/stereo_right_479.jpg,right,boat,7,"[185,212,155,111]"
/home/arturokkboss33/gestures/brodanski_aug_2/stereo_left/stereo_left_482.jpg,/home/arturokkboss33/gestures/brodanski_aug_2/stereo_right/stereo_right_482.jpg,left,boat,7,"[355,203,159,113]"
/home/arturokkboss33/gestures/brodanski_aug_2/stereo_left/stereo_left_483.jpg,/home/arturokkboss33/gestures/brodanski_aug_2/stereo_right/stereo_right_483.jpg,right,boat,7,"[174,200,160,122]"
/home/arturokkboss33/gestures/brodanski_aug_2/stereo_left/stereo_left_486.jpg,/home/arturokkboss33/gestures/brodanski_aug_2/stereo_right/stereo_right_486.jpg,left,boat,7,"[341,216,183,114]"
/home/arturokkboss33/gestures/brodanski_aug_2/stereo_left/stereo_left_490.jpg,/home/arturokkboss33/gestures/brodanski_aug_2/stereo_right/stereo_right_490.jpg,left,boat,7,"[355,227,166,98]"
/home/arturokkboss33/gestures/brodanski_aug_2/stereo_left/stereo_left_491.jpg,/home/arturokkboss33/gestures/brodanski_aug_2/stereo_right/stereo_right_491.jpg,right,boat,7,"[176,232,177,111]"
/home/arturokkboss33/gestures/brodanski_aug_2/stereo_left/stereo_left_494.jpg,/home/arturokkboss33/gestures/brodanski_aug_2/stereo_right/stereo_right_494.jpg,left,boat,7,"[341,231,190,115]"
/home/arturokkboss33/gestures/brodanski_aug_2/stereo_left/stereo_left_495.jpg,/home/arturokkboss33/gestures/brodanski_aug_2/stereo_right/stereo_right_495.jpg,right,boat,7,"[163,238,173,114]"
/home/arturokkboss33/gestures/brodanski_aug_2/stereo_left/stereo_left_498.jpg,/home/arturokkboss33/gestures/brodanski_aug_2/stereo_right/stereo_right_498.jpg,left,boat,7,"[340,231,189,117]"
/home/arturokkboss33/gestures/brodanski_aug_2/stereo_left/stereo_left_499.jpg,/home/arturokkboss33/gestures/brodanski_aug_2/stereo_right/stereo_right_499.jpg,right,boat,7,"[155,240,198,113]"
/home/arturokkboss33/gestures/brodanski_aug_2/stereo_left/stereo_left_502.jpg,/home/arturokkboss33/gestures/brodanski_aug_2/stereo_right/stereo_right_502.jpg,left,boat,7,"[355,236,175,119]"
/home/arturokkboss33/gestures/brodanski_aug_2/stereo_left/stereo_left_503.jpg,/home/arturokkboss33/gestures/brodanski_aug_2/stereo_right/stereo_right_503.jpg,right,boat,7,"[167,244,164,118]"
/home/arturokkboss33/gestures/brodanski_aug_2/stereo_left/stereo_left_506.jpg,/home/arturokkboss33/gestures/brodanski_aug_2/stereo_right/stereo_right_506.jpg,left,boat,7,"[354,240,172,111]"
/home/arturokkboss33/gestures/brodanski_aug_2/stereo_left/stereo_left_507.jpg,/home/arturokkboss33/gestures/brodanski_aug_2/stereo_right/stereo_right_507.jpg,right,boat,7,"[177,240,173,117]"
/home/arturokkboss33/gestures/brodanski_aug_2/stereo_left/stereo_left_510.jpg,/home/arturokkboss33/gestures/brodanski_aug_2/stereo_right/stereo_right_510.jpg,left,boat,7,"[357,228,173,119]"
/home/arturokkboss33/gestures/brodanski_aug_2/stereo_left/stereo_left_514.jpg,/home/arturokkboss33/gestures/brodanski_aug_2/stereo_right/stereo_right_514.jpg,left,start_comm,0,"[345,63,114,152]"
/home/arturokkboss33/gestures/brodanski_aug_2/stereo_left/stereo_left_515.jpg,/home/arturokkboss33/gestures/brodanski_aug_2/stereo_right/stereo_right_515.jpg,right,start_comm,0,"[184,73,122,145]"
/home/arturokkboss33/gestures/brodanski_aug_2/stereo_left/stereo_left_518.jpg,/home/arturokkboss33/gestures/brodanski_aug_2/stereo_right/stereo_right_518.jpg,left,start_comm,0,"[368,91,92,144]"
/home/arturokkboss33/gestures/brodanski_aug_2/stereo_left/stereo_left_519.jpg,/home/arturokkboss33/gestures/brodanski_aug_2/stereo_right/stereo_right_519.jpg,right,start_comm,0,"[212,84,96,142]"
/home/arturokkboss33/gestures/brodanski_aug_2/stereo_left/stereo_left_54.jpg,/home/arturokkboss33/gestures/brodanski_aug_2/stereo_right/stereo_right_54.jpg,left,start_comm,0,"[353,80,105,147]"
/home/arturokkboss33/gestures/brodanski_aug_2/stereo_left/stereo_left_522.jpg,/home/arturokkboss33/gestures/brodanski_aug_2/stereo_right/stereo_right_522.jpg,left,start_comm,0,"[365,83,98,154]"
/home/arturokkboss33/gestures/brodanski_aug_2/stereo_left/stereo_left_523.jpg,/home/arturokkboss33/gestures/brodanski_aug_2/stereo_right/stereo_right_523.jpg,right,start_comm,0,"[201,88,99,142]"
/home/arturokkboss33/gestures/brodanski_aug_2/stereo_left/stereo_left_526.jpg,/home/arturokkboss33/gestures/brodanski_aug_2/stereo_right/stereo_right_526.jpg,left,start_comm,0,"[360,92,95,150]"
/home/arturokkboss33/gestures/brodanski_aug_2/stereo_left/stereo_left_527.jpg,/home/arturokkboss33/gestures/brodanski_aug_2/stereo_right/stereo_right_527.jpg,right,start_comm,0,"[197,90,97,133]"
/home/arturokkboss33/gestures/brodanski_aug_2/stereo_left/stereo_left_530.jpg,/home/arturokkboss33/gestures/brodanski_aug_2/stereo_right/stereo_right_530.jpg,left,start_comm,0,"[345,89,103,135]"
/home/arturokkboss33/gestures/brodanski_aug_2/stereo_left/stereo_left_531.jpg,/home/arturokkboss33/gestures/brodanski_aug_2/stereo_right/stereo_right_531.jpg,right,start_comm,0,"[193,86,95,142]"
/home/arturokkboss33/gestures/brodanski_aug_2/stereo_left/stereo_left_55.jpg,/home/arturokkboss33/gestures/brodanski_aug_2/stereo_right/stereo_right_55.jpg,right,start_comm,0,"[184,94,99,139]"
/home/arturokkboss33/gestures/brodanski_aug_2/stereo_left/stereo_left_534.jpg,/home/arturokkboss33/gestures/brodanski_aug_2/stereo_right/stereo_right_534.jpg,left,start_comm,0,"[350,88,103,148]"
/home/arturokkboss33/gestures/brodanski_aug_2/stereo_left/stereo_left_535.jpg,/home/arturokkboss33/gestures/brodanski_aug_2/stereo_right/stereo_right_535.jpg,right,start_comm,0,"[192,81,94,149]"
/home/arturokkboss33/gestures/brodanski_aug_2/stereo_left/stereo_left_538.jpg,/home/arturokkboss33/gestures/brodanski_aug_2/stereo_right/stereo_right_538.jpg,left,start_comm,0,"[355,88,93,149]"
/home/arturokkboss33/gestures/brodanski_aug_2/stereo_left/stereo_left_539.jpg,/home/arturokkboss33/gestures/brodanski_aug_2/stereo_right/stereo_right_539.jpg,right,start_comm,0,"[196,88,96,151]"
/home/arturokkboss33/gestures/brodanski_aug_2/stereo_left/stereo_left_542.jpg,/home/arturokkboss33/gestures/brodanski_aug_2/stereo_right/stereo_right_542.jpg,left,start_comm,0,"[349,86,101,159]"
/home/arturokkboss33/gestures/brodanski_aug_2/stereo_left/stereo_left_543.jpg,/home/arturokkboss33/gestures/brodanski_aug_2/stereo_right/stereo_right_543.jpg,right,start_comm,0,"[193,89,94,156]"
/home/arturokkboss33/gestures/brodanski_aug_2/stereo_left/stereo_left_550.jpg,/home/arturokkboss33/gestures/brodanski_aug_2/stereo_right/stereo_right_550.jpg,left,carry,6,"[352,176,153,164]"
/home/arturokkboss33/gestures/brodanski_aug_2/stereo_left/stereo_left_551.jpg,/home/arturokkboss33/gestures/brodanski_aug_2/stereo_right/stereo_right_551.jpg,right,carry,6,"[192,192,161,142]"
/home/arturokkboss33/gestures/brodanski_aug_2/stereo_left/stereo_left_554.jpg,/home/arturokkboss33/gestures/brodanski_aug_2/stereo_right/stereo_right_554.jpg,left,carry,6,"[341,176,146,145]"
/home/arturokkboss33/gestures/brodanski_aug_2/stereo_left/stereo_left_555.jpg,/home/arturokkboss33/gestures/brodanski_aug_2/stereo_right/stereo_right_555.jpg,right,carry,6,"[169,179,166,156]"
/home/arturokkboss33/gestures/brodanski_aug_2/stereo_left/stereo_left_558.jpg,/home/arturokkboss33/gestures/brodanski_aug_2/stereo_right/stereo_right_558.jpg,left,carry,6,"[350,188,147,140]"
/home/arturokkboss33/gestures/brodanski_aug_2/stereo_left/stereo_left_559.jpg,/home/arturokkboss33/gestures/brodanski_aug_2/stereo_right/stereo_right_559.jpg,right,carry,6,"[195,189,143,136]"
/home/arturokkboss33/gestures/brodanski_aug_2/stereo_left/stereo_left_58.jpg,/home/arturokkboss33/gestures/brodanski_aug_2/stereo_right/stereo_right_58.jpg,left,start_comm,0,"[340,92,104,155]"
/home/arturokkboss33/gestures/brodanski_aug_2/stereo_left/stereo_left_562.jpg,/home/arturokkboss33/gestures/brodanski_aug_2/stereo_right/stereo_right_562.jpg,left,carry,6,"[353,157,144,169]"
/home/arturokkboss33/gestures/brodanski_aug_2/stereo_left/stereo_left_563.jpg,/home/arturokkboss33/gestures/brodanski_aug_2/stereo_right/stereo_right_563.jpg,right,carry,6,"[198,174,151,166]"
/home/arturokkboss33/gestures/brodanski_aug_2/stereo_left/stereo_left_566.jpg,/home/arturokkboss33/gestures/brodanski_aug_2/stereo_right/stereo_right_566.jpg,left,carry,6,"[365,183,144,150]"
/home/arturokkboss33/gestures/brodanski_aug_2/stereo_left/stereo_left_567.jpg,/home/arturokkboss33/gestures/brodanski_aug_2/stereo_right/stereo_right_567.jpg,right,carry,6,"[198,184,148,145]"
/home/arturokkboss33/gestures/brodanski_aug_2/stereo_left/stereo_left_570.jpg,/home/arturokkboss33/gestures/brodanski_aug_2/stereo_right/stereo_right_570.jpg,left,carry,6,"[348,181,156,156]"
/home/arturokkboss33/gestures/brodanski_aug_2/stereo_left/stereo_left_571.jpg,/home/arturokkboss33/gestures/brodanski_aug_2/stereo_right/stereo_right_571.jpg,right,carry,6,"[197,187,146,151]"
/home/arturokkboss33/gestures/brodanski_aug_2/stereo_left/stereo_left_59.jpg,/home/arturokkboss33/gestures/brodanski_aug_2/stereo_right/stereo_right_59.jpg,right,start_comm,0,"[188,93,104,168]"
/home/arturokkboss33/gestures/brodanski_aug_2/stereo_left/stereo_left_574.jpg,/home/arturokkboss33/gestures/brodanski_aug_2/stereo_right/stereo_right_574.jpg,left,carry,6,"[353,178,142,154]"
/home/arturokkboss33/gestures/brodanski_aug_2/stereo_left/stereo_left_575.jpg,/home/arturokkboss33/gestures/brodanski_aug_2/stereo_right/stereo_right_575.jpg,right,carry,6,"[196,186,132,156]"
/home/arturokkboss33/gestures/brodanski_aug_2/stereo_left/stereo_left_578.jpg,/home/arturokkboss33/gestures/brodanski_aug_2/stereo_right/stereo_right_578.jpg,left,carry,6,"[372,180,136,159]"
/home/arturokkboss33/gestures/brodanski_aug_2/stereo_left/stereo_left_579.jpg,/home/arturokkboss33/gestures/brodanski_aug_2/stereo_right/stereo_right_579.jpg,right,carry,6,"[189,181,141,164]"
/home/arturokkboss33/gestures/brodanski_aug_2/stereo_left/stereo_left_582.jpg,/home/arturokkboss33/gestures/brodanski_aug_2/stereo_right/stereo_right_582.jpg,left,carry,6,"[368,183,132,156]"
/home/arturokkboss33/gestures/brodanski_aug_2/stereo_left/stereo_left_583.jpg,/home/arturokkboss33/gestures/brodanski_aug_2/stereo_right/stereo_right_583.jpg,right,carry,6,"[201,171,137,162]"
/home/arturokkboss33/gestures/brodanski_aug_2/stereo_left/stereo_left_586.jpg,/home/arturokkboss33/gestures/brodanski_aug_2/stereo_right/stereo_right_586.jpg,left,carry,6,"[353,165,156,150]"
/home/arturokkboss33/gestures/brodanski_aug_2/stereo_left/stereo_left_587.jpg,/home/arturokkboss33/gestures/brodanski_aug_2/stereo_right/stereo_right_587.jpg,right,carry,6,"[210,174,128,137]"
/home/arturokkboss33/gestures/brodanski_aug_2/stereo_left/stereo_left_594.jpg,/home/arturokkboss33/gestures/brodanski_aug_2/stereo_right/stereo_right_594.jpg,left,start_comm,0,"[358,61,105,163]"
/home/arturokkboss33/gestures/brodanski_aug_2/stereo_left/stereo_left_595.jpg,/home/arturokkboss33/gestures/brodanski_aug_2/stereo_right/stereo_right_595.jpg,right,start_comm,0,"[183,75,101,144]"
/home/arturokkboss33/gestures/brodanski_aug_2/stereo_left/stereo_left_598.jpg,/home/arturokkboss33/gestures/brodanski_aug_2/stereo_right/stereo_right_598.jpg,left,start_comm,0,"[360,90,113,148]"
/home/arturokkboss33/gestures/brodanski_aug_2/stereo_left/stereo_left_599.jpg,/home/arturokkboss33/gestures/brodanski_aug_2/stereo_right/stereo_right_599.jpg,right,start_comm,0,"[197,79,102,146]"
/home/arturokkboss33/gestures/brodanski_aug_2/stereo_left/stereo_left_62.jpg,/home/arturokkboss33/gestures/brodanski_aug_2/stereo_right/stereo_right_62.jpg,left,start_comm,0,"[337,87,113,154]"
/home/arturokkboss33/gestures/brodanski_aug_2/stereo_left/stereo_left_602.jpg,/home/arturokkboss33/gestures/brodanski_aug_2/stereo_right/stereo_right_602.jpg,left,start_comm,0,"[372,82,106,160]"
/home/arturokkboss33/gestures/brodanski_aug_2/stereo_left/stereo_left_603.jpg,/home/arturokkboss33/gestures/brodanski_aug_2/stereo_right/stereo_right_603.jpg,right,start_comm,0,"[192,79,125,156]"
/home/arturokkboss33/gestures/brodanski_aug_2/stereo_left/stereo_left_606.jpg,/home/arturokkboss33/gestures/brodanski_aug_2/stereo_right/stereo_right_606.jpg,left,start_comm,0,"[366,75,108,150]"
/home/arturokkboss33/gestures/brodanski_aug_2/stereo_left/stereo_left_607.jpg,/home/arturokkboss33/gestures/brodanski_aug_2/stereo_right/stereo_right_607.jpg,right,start_comm,0,"[196,82,115,146]"
/home/arturokkboss33/gestures/brodanski_aug_2/stereo_left/stereo_left_610.jpg,/home/arturokkboss33/gestures/brodanski_aug_2/stereo_right/stereo_right_610.jpg,left,start_comm,0,"[339,81,123,153]"
/home/arturokkboss33/gestures/brodanski_aug_2/stereo_left/stereo_left_611.jpg,/home/arturokkboss33/gestures/brodanski_aug_2/stereo_right/stereo_right_611.jpg,right,start_comm,0,"[181,82,103,145]"
/home/arturokkboss33/gestures/brodanski_aug_2/stereo_left/stereo_left_63.jpg,/home/arturokkboss33/gestures/brodanski_aug_2/stereo_right/stereo_right_63.jpg,right,start_comm,0,"[188,98,109,142]"
/home/arturokkboss33/gestures/brodanski_aug_2/stereo_left/stereo_left_614.jpg,/home/arturokkboss33/gestures/brodanski_aug_2/stereo_right/stereo_right_614.jpg,left,start_comm,0,"[338,68,114,154]"
/home/arturokkboss33/gestures/brodanski_aug_2/stereo_left/stereo_left_615.jpg,/home/arturokkboss33/gestures/brodanski_aug_2/stereo_right/stereo_right_615.jpg,right,start_comm,0,"[167,63,117,163]"
/home/arturokkboss33/gestures/brodanski_aug_2/stereo_left/stereo_left_618.jpg,/home/arturokkboss33/gestures/brodanski_aug_2/stereo_right/stereo_right_618.jpg,left,start_comm,0,"[358,75,105,162]"
/home/arturokkboss33/gestures/brodanski_aug_2/stereo_left/stereo_left_619.jpg,/home/arturokkboss33/gestures/brodanski_aug_2/stereo_right/stereo_right_619.jpg,right,start_comm,0,"[191,77,118,140]"
/home/arturokkboss33/gestures/brodanski_aug_2/stereo_left/stereo_left_622.jpg,/home/arturokkboss33/gestures/brodanski_aug_2/stereo_right/stereo_right_622.jpg,left,start_comm,0,"[331,79,122,146]"
/home/arturokkboss33/gestures/brodanski_aug_2/stereo_left/stereo_left_623.jpg,/home/arturokkboss33/gestures/brodanski_aug_2/stereo_right/stereo_right_623.jpg,right,start_comm,0,"[179,78,96,146]"
/home/arturokkboss33/gestures/brodanski_aug_2/stereo_left/stereo_left_626.jpg,/home/arturokkboss33/gestures/brodanski_aug_2/stereo_right/stereo_right_626.jpg,left,start_comm,0,"[337,75,109,152]"
/home/arturokkboss33/gestures/brodanski_aug_2/stereo_left/stereo_left_627.jpg,/home/arturokkboss33/gestures/brodanski_aug_2/stereo_right/stereo_right_627.jpg,right,start_comm,0,"[172,76,105,152]"
/home/arturokkboss33/gestures/brodanski_aug_2/stereo_left/stereo_left_630.jpg,/home/arturokkboss33/gestures/brodanski_aug_2/stereo_right/stereo_right_630.jpg,left,start_comm,0,"[335,76,100,160]"
/home/arturokkboss33/gestures/brodanski_aug_2/stereo_left/stereo_left_639.jpg,/home/arturokkboss33/gestures/brodanski_aug_2/stereo_right/stereo_right_639.jpg,right,here,8,"[139,151,130,138]"
/home/arturokkboss33/gestures/brodanski_aug_2/stereo_left/stereo_left_66.jpg,/home/arturokkboss33/gestures/brodanski_aug_2/stereo_right/stereo_right_66.jpg,left,start_comm,0,"[345,104,106,150]"
/home/arturokkboss33/gestures/brodanski_aug_2/stereo_left/stereo_left_642.jpg,/home/arturokkboss33/gestures/brodanski_aug_2/stereo_right/stereo_right_642.jpg,left,here,8,"[335,161,105,135]"
/home/arturokkboss33/gestures/brodanski_aug_2/stereo_left/stereo_left_643.jpg,/home/arturokkboss33/gestures/brodanski_aug_2/stereo_right/stereo_right_643.jpg,right,here,8,"[148,159,118,141]"
/home/arturokkboss33/gestures/brodanski_aug_2/stereo_left/stereo_left_646.jpg,/home/arturokkboss33/gestures/brodanski_aug_2/stereo_right/stereo_right_646.jpg,left,here,8,"[334,160,114,127]"
/home/arturokkboss33/gestures/brodanski_aug_2/stereo_left/stereo_left_647.jpg,/home/arturokkboss33/gestures/brodanski_aug_2/stereo_right/stereo_right_647.jpg,right,here,8,"[157,157,115,129]"
/home/arturokkboss33/gestures/brodanski_aug_2/stereo_left/stereo_left_650.jpg,/home/arturokkboss33/gestures/brodanski_aug_2/stereo_right/stereo_right_650.jpg,left,here,8,"[325,156,116,130]"
/home/arturokkboss33/gestures/brodanski_aug_2/stereo_left/stereo_left_651.jpg,/home/arturokkboss33/gestures/brodanski_aug_2/stereo_right/stereo_right_651.jpg,right,here,8,"[145,149,120,136]"
/home/arturokkboss33/gestures/brodanski_aug_2/stereo_left/stereo_left_67.jpg,/home/arturokkboss33/gestures/brodanski_aug_2/stereo_right/stereo_right_67.jpg,right,start_comm,0,"[198,109,96,136]"
/home/arturokkboss33/gestures/brodanski_aug_2/stereo_left/stereo_left_654.jpg,/home/arturokkboss33/gestures/brodanski_aug_2/stereo_right/stereo_right_654.jpg,left,here,8,"[311,147,127,129]"
/home/arturokkboss33/gestures/brodanski_aug_2/stereo_left/stereo_left_655.jpg,/home/arturokkboss33/gestures/brodanski_aug_2/stereo_right/stereo_right_655.jpg,right,here,8,"[133,152,114,126]"
/home/arturokkboss33/gestures/brodanski_aug_2/stereo_left/stereo_left_658.jpg,/home/arturokkboss33/gestures/brodanski_aug_2/stereo_right/stereo_right_658.jpg,left,here,8,"[319,152,110,120]"
/home/arturokkboss33/gestures/brodanski_aug_2/stereo_left/stereo_left_659.jpg,/home/arturokkboss33/gestures/brodanski_aug_2/stereo_right/stereo_right_659.jpg,right,here,8,"[138,151,124,128]"
/home/arturokkboss33/gestures/brodanski_aug_2/stereo_left/stereo_left_662.jpg,/home/arturokkboss33/gestures/brodanski_aug_2/stereo_right/stereo_right_662.jpg,left,here,8,"[311,142,117,136]"
/home/arturokkboss33/gestures/brodanski_aug_2/stereo_left/stereo_left_663.jpg,/home/arturokkboss33/gestures/brodanski_aug_2/stereo_right/stereo_right_663.jpg,right,here,8,"[135,145,127,132]"
/home/arturokkboss33/gestures/brodanski_aug_2/stereo_left/stereo_left_666.jpg,/home/arturokkboss33/gestures/brodanski_aug_2/stereo_right/stereo_right_666.jpg,left,here,8,"[314,137,124,145]"
/home/arturokkboss33/gestures/brodanski_aug_2/stereo_left/stereo_left_667.jpg,/home/arturokkboss33/gestures/brodanski_aug_2/stereo_right/stereo_right_667.jpg,right,here,8,"[128,152,132,120]"
/home/arturokkboss33/gestures/brodanski_aug_2/stereo_left/stereo_left_670.jpg,/home/arturokkboss33/gestures/brodanski_aug_2/stereo_right/stereo_right_670.jpg,left,here,8,"[314,136,134,144]"
/home/arturokkboss33/gestures/brodanski_aug_2/stereo_left/stereo_left_671.jpg,/home/arturokkboss33/gestures/brodanski_aug_2/stereo_right/stereo_right_671.jpg,right,here,8,"[129,146,133,131]"
/home/arturokkboss33/gestures/brodanski_aug_2/stereo_left/stereo_left_674.jpg,/home/arturokkboss33/gestures/brodanski_aug_2/stereo_right/stereo_right_674.jpg,left,here,8,"[319,140,122,139]"
/home/arturokkboss33/gestures/brodanski_aug_2/stereo_left/stereo_left_675.jpg,/home/arturokkboss33/gestures/brodanski_aug_2/stereo_right/stereo_right_675.jpg,right,here,8,"[133,151,125,125]"
/home/arturokkboss33/gestures/brodanski_aug_2/stereo_left/stereo_left_678.jpg,/home/arturokkboss33/gestures/brodanski_aug_2/stereo_right/stereo_right_678.jpg,left,here,8,"[328,144,122,124]"
/home/arturokkboss33/gestures/brodanski_aug_2/stereo_left/stereo_left_70.jpg,/home/arturokkboss33/gestures/brodanski_aug_2/stereo_right/stereo_right_70.jpg,left,start_comm,0,"[355,103,103,137]"
/home/arturokkboss33/gestures/brodanski_aug_2/stereo_left/stereo_left_682.jpg,/home/arturokkboss33/gestures/brodanski_aug_2/stereo_right/stereo_right_682.jpg,left,end_comm,1,"[355,51,95,130]"
/home/arturokkboss33/gestures/brodanski_aug_2/stereo_left/stereo_left_683.jpg,/home/arturokkboss33/gestures/brodanski_aug_2/stereo_right/stereo_right_683.jpg,right,end_comm,1,"[201,59,100,143]"
/home/arturokkboss33/gestures/brodanski_aug_2/stereo_left/stereo_left_686.jpg,/home/arturokkboss33/gestures/brodanski_aug_2/stereo_right/stereo_right_686.jpg,left,end_comm,1,"[377,81,86,150]"
/home/arturokkboss33/gestures/brodanski_aug_2/stereo_left/stereo_left_687.jpg,/home/arturokkboss33/gestures/brodanski_aug_2/stereo_right/stereo_right_687.jpg,right,end_comm,1,"[208,88,81,130]"
/home/arturokkboss33/gestures/brodanski_aug_2/stereo_left/stereo_left_690.jpg,/home/arturokkboss33/gestures/brodanski_aug_2/stereo_right/stereo_right_690.jpg,left,end_comm,1,"[377,91,86,149]"
/home/arturokkboss33/gestures/brodanski_aug_2/stereo_left/stereo_left_691.jpg,/home/arturokkboss33/gestures/brodanski_aug_2/stereo_right/stereo_right_691.jpg,right,end_comm,1,"[201,96,84,139]"
/home/arturokkboss33/gestures/brodanski_aug_2/stereo_left/stereo_left_71.jpg,/home/arturokkboss33/gestures/brodanski_aug_2/stereo_right/stereo_right_71.jpg,right,start_comm,0,"[197,101,92,136]"
/home/arturokkboss33/gestures/brodanski_aug_2/stereo_left/stereo_left_694.jpg,/home/arturokkboss33/gestures/brodanski_aug_2/stereo_right/stereo_right_694.jpg,left,end_comm,1,"[371,83,89,154]"
/home/arturokkboss33/gestures/brodanski_aug_2/stereo_left/stereo_left_695.jpg,/home/arturokkboss33/gestures/brodanski_aug_2/stereo_right/stereo_right_695.jpg,right,end_comm,1,"[192,86,80,156]"
/home/arturokkboss33/gestures/brodanski_aug_2/stereo_left/stereo_left_698.jpg,/home/arturokkboss33/gestures/brodanski_aug_2/stereo_right/stereo_right_698.jpg,left,end_comm,1,"[365,90,81,153]"
/home/arturokkboss33/gestures/brodanski_aug_2/stereo_left/stereo_left_699.jpg,/home/arturokkboss33/gestures/brodanski_aug_2/stereo_right/stereo_right_699.jpg,right,end_comm,1,"[184,82,90,160]"
/home/arturokkboss33/gestures/brodanski_aug_2/stereo_left/stereo_left_702.jpg,/home/arturokkboss33/gestures/brodanski_aug_2/stereo_right/stereo_right_702.jpg,left,end_comm,1,"[367,86,82,158]"
/home/arturokkboss33/gestures/brodanski_aug_2/stereo_left/stereo_left_703.jpg,/home/arturokkboss33/gestures/brodanski_aug_2/stereo_right/stereo_right_703.jpg,right,end_comm,1,"[190,89,81,154]"
/home/arturokkboss33/gestures/brodanski_aug_2/stereo_left/stereo_left_706.jpg,/home/arturokkboss33/gestures/brodanski_aug_2/stereo_right/stereo_right_706.jpg,left,end_comm,1,"[375,84,87,154]"
/home/arturokkboss33/gestures/brodanski_aug_2/stereo_left/stereo_left_707.jpg,/home/arturokkboss33/gestures/brodanski_aug_2/stereo_right/stereo_right_707.jpg,right,end_comm,1,"[199,76,88,161]"
/home/arturokkboss33/gestures/brodanski_aug_2/stereo_left/stereo_left_710.jpg,/home/arturokkboss33/gestures/brodanski_aug_2/stereo_right/stereo_right_710.jpg,left,end_comm,1,"[398,82,80,144]"
/home/arturokkboss33/gestures/brodanski_aug_2/stereo_left/stereo_left_711.jpg,/home/arturokkboss33/gestures/brodanski_aug_2/stereo_right/stereo_right_711.jpg,right,end_comm,1,"[223,75,83,158]"
/home/arturokkboss33/gestures/brodanski_aug_2/stereo_left/stereo_left_714.jpg,/home/arturokkboss33/gestures/brodanski_aug_2/stereo_right/stereo_right_714.jpg,left,end_comm,1,"[406,72,76,156]"
/home/arturokkboss33/gestures/brodanski_aug_2/stereo_left/stereo_left_715.jpg,/home/arturokkboss33/gestures/brodanski_aug_2/stereo_right/stereo_right_715.jpg,right,end_comm,1,"[226,66,80,160]"
/home/arturokkboss33/gestures/brodanski_aug_2/stereo_left/stereo_left_718.jpg,/home/arturokkboss33/gestures/brodanski_aug_2/stereo_right/stereo_right_718.jpg,left,end_comm,1,"[410,74,75,156]"
/home/arturokkboss33/gestures/brodanski_aug_2/stereo_left/stereo_left_719.jpg,/home/arturokkboss33/gestures/brodanski_aug_2/stereo_right/stereo_right_719.jpg,right,end_comm,1,"[228,75,91,153]"
/home/arturokkboss33/gestures/brodanski_aug_2/stereo_left/stereo_left_74.jpg,/home/arturokkboss33/gestures/brodanski_aug_2/stereo_right/stereo_right_74.jpg,left,start_comm,0,"[353,92,100,152]"
/home/arturokkboss33/gestures/brodanski_aug_2/stereo_left/stereo_left_722.jpg,/home/arturokkboss33/gestures/brodanski_aug_2/stereo_right/stereo_right_722.jpg,left,end_comm,1,"[403,72,84,150]"
/home/arturokkboss33/gestures/brodanski_aug_2/stereo_left/stereo_left_723.jpg,/home/arturokkboss33/gestures/brodanski_aug_2/stereo_right/stereo_right_723.jpg,right,end_comm,1,"[231,70,80,158]"
/home/arturokkboss33/gestures/brodanski_aug_2/stereo_left/stereo_left_726.jpg,/home/arturokkboss33/gestures/brodanski_aug_2/stereo_right/stereo_right_726.jpg,left,end_comm,1,"[399,74,81,153]"
/home/arturokkboss33/gestures/brodanski_aug_2/stereo_left/stereo_left_727.jpg,/home/arturokkboss33/gestures/brodanski_aug_2/stereo_right/stereo_right_727.jpg,right,end_comm,1,"[221,72,85,155]"
/home/arturokkboss33/gestures/brodanski_aug_2/stereo_left/stereo_left_730.jpg,/home/arturokkboss33/gestures/brodanski_aug_2/stereo_right/stereo_right_730.jpg,left,end_comm,1,"[402,76,78,161]"
/home/arturokkboss33/gestures/brodanski_aug_2/stereo_left/stereo_left_731.jpg,/home/arturokkboss33/gestures/brodanski_aug_2/stereo_right/stereo_right_731.jpg,right,end_comm,1,"[221,74,76,158]"
/home/arturokkboss33/gestures/brodanski_aug_2/stereo_left/stereo_left_75.jpg,/home/arturokkboss33/gestures/brodanski_aug_2/stereo_right/stereo_right_75.jpg,right,start_comm,0,"[192,98,108,143]"
/home/arturokkboss33/gestures/brodanski_aug_2/stereo_left/stereo_left_734.jpg,/home/arturokkboss33/gestures/brodanski_aug_2/stereo_right/stereo_right_734.jpg,left,end_comm,1,"[392,76,83,153]"
/home/arturokkboss33/gestures/brodanski_aug_2/stereo_left/stereo_left_735.jpg,/home/arturokkboss33/gestures/brodanski_aug_2/stereo_right/stereo_right_735.jpg,right,end_comm,1,"[202,74,91,146]"
/home/arturokkboss33/gestures/brodanski_aug_2/stereo_left/stereo_left_738.jpg,/home/arturokkboss33/gestures/brodanski_aug_2/stereo_right/stereo_right_738.jpg,left,end_comm,1,"[380,74,87,159]"
/home/arturokkboss33/gestures/brodanski_aug_2/stereo_left/stereo_left_739.jpg,/home/arturokkboss33/gestures/brodanski_aug_2/stereo_right/stereo_right_739.jpg,right,end_comm,1,"[205,66,77,151]"
/home/arturokkboss33/gestures/brodanski_aug_2/stereo_left/stereo_left_742.jpg,/home/arturokkboss33/gestures/brodanski_aug_2/stereo_right/stereo_right_742.jpg,left,end_comm,1,"[389,72,78,156]"
/home/arturokkboss33/gestures/brodanski_aug_2/stereo_left/stereo_left_743.jpg,/home/arturokkboss33/gestures/brodanski_aug_2/stereo_right/stereo_right_743.jpg,right,end_comm,1,"[211,71,92,152]"
/home/arturokkboss33/gestures/brodanski_aug_2/stereo_left/stereo_left_746.jpg,/home/arturokkboss33/gestures/brodanski_aug_2/stereo_right/stereo_right_746.jpg,left,end_comm,1,"[388,66,98,159]"
/home/arturokkboss33/gestures/brodanski_aug_2/stereo_left/stereo_left_747.jpg,/home/arturokkboss33/gestures/brodanski_aug_2/stereo_right/stereo_right_747.jpg,right,end_comm,1,"[220,62,86,160]"
/home/arturokkboss33/gestures/brodanski_aug_2/stereo_left/stereo_left_750.jpg,/home/arturokkboss33/gestures/brodanski_aug_2/stereo_right/stereo_right_750.jpg,left,end_comm,1,"[394,69,88,159]"
/home/arturokkboss33/gestures/brodanski_aug_2/stereo_left/stereo_left_751.jpg,/home/arturokkboss33/gestures/brodanski_aug_2/stereo_right/stereo_right_751.jpg,right,end_comm,1,"[226,70,90,153]"
/home/arturokkboss33/gestures/brodanski_aug_2/stereo_left/stereo_left_754.jpg,/home/arturokkboss33/gestures/brodanski_aug_2/stereo_right/stereo_right_754.jpg,left,end_comm,1,"[402,77,82,170]"
/home/arturokkboss33/gestures/brodanski_aug_2/stereo_left/stereo_left_755.jpg,/home/arturokkboss33/gestures/brodanski_aug_2/stereo_right/stereo_right_755.jpg,right,end_comm,1,"[223,74,86,157]"
/home/arturokkboss33/gestures/brodanski_aug_2/stereo_left/stereo_left_758.jpg,/home/arturokkboss33/gestures/brodanski_aug_2/stereo_right/stereo_right_758.jpg,left,end_comm,1,"[402,83,83,154]"
/home/arturokkboss33/gestures/brodanski_aug_2/stereo_left/stereo_left_759.jpg,/home/arturokkboss33/gestures/brodanski_aug_2/stereo_right/stereo_right_759.jpg,right,end_comm,1,"[217,77,106,151]"
/home/arturokkboss33/gestures/brodanski_aug_2/stereo_left/stereo_left_78.jpg,/home/arturokkboss33/gestures/brodanski_aug_2/stereo_right/stereo_right_78.jpg,left,start_comm,0,"[358,97,95,150]"
/home/arturokkboss33/gestures/brodanski_aug_2/stereo_left/stereo_left_762.jpg,/home/arturokkboss33/gestures/brodanski_aug_2/stereo_right/stereo_right_762.jpg,left,end_comm,1,"[402,74,92,159]"
/home/arturokkboss33/gestures/brodanski_aug_2/stereo_left/stereo_left_763.jpg,/home/arturokkboss33/gestures/brodanski_aug_2/stereo_right/stereo_right_763.jpg,right,end_comm,1,"[212,72,107,156]"
/home/arturokkboss33/gestures/brodanski_aug_2/stereo_left/stereo_left_79.jpg,/home/arturokkboss33/gestures/brodanski_aug_2/stereo_right/stereo_right_79.jpg,right,start_comm,0,"[192,93,112,147]"
/home/arturokkboss33/gestures/brodanski_aug_2/stereo_left/stereo_left_82.jpg,/home/arturokkboss33/gestures/brodanski_aug_2/stereo_right/stereo_right_82.jpg,left,start_comm,0,"[337,90,121,155]"
/home/arturokkboss33/gestures/brodanski_aug_2/stereo_left/stereo_left_83.jpg,/home/arturokkboss33/gestures/brodanski_aug_2/stereo_right/stereo_right_83.jpg,right,start_comm,0,"[181,93,115,132]"
/home/arturokkboss33/gestures/brodanski_aug_2/stereo_left/stereo_left_102.jpg,/home/arturokkboss33/gestures/brodanski_aug_2/stereo_right/stereo_right_102.jpg,left,mosaic,9,"[473,65,107,145;271,63,104,155]"
/home/arturokkboss33/gestures/brodanski_aug_2/stereo_left/stereo_left_103.jpg,/home/arturokkboss33/gestures/brodanski_aug_2/stereo_right/stereo_right_103.jpg,right,mosaic,9,"[326,68,98,147;116,69,94,129]"
/home/arturokkboss33/gestures/brodanski_aug_2/stereo_left/stereo_left_106.jpg,/home/arturokkboss33/gestures/brodanski_aug_2/stereo_right/stereo_right_106.jpg,left,mosaic,9,"[480,71,105,147;272,67,108,158]"
/home/arturokkboss33/gestures/brodanski_aug_2/stereo_left/stereo_left_107.jpg,/home/arturokkboss33/gestures/brodanski_aug_2/stereo_right/stereo_right_107.jpg,right,mosaic,9,"[329,78,94,144;115,59,102,156]"
/home/arturokkboss33/gestures/brodanski_aug_2/stereo_left/stereo_left_110.jpg,/home/arturokkboss33/gestures/brodanski_aug_2/stereo_right/stereo_right_110.jpg,left,mosaic,9,"[472,72,108,139;260,61,103,158]"
/home/arturokkboss33/gestures/brodanski_aug_2/stereo_left/stereo_left_111.jpg,/home/arturokkboss33/gestures/brodanski_aug_2/stereo_right/stereo_right_111.jpg,right,mosaic,9,"[324,70,97,145;108,59,93,142]"
/home/arturokkboss33/gestures/brodanski_aug_2/stereo_left/stereo_left_114.jpg,/home/arturokkboss33/gestures/brodanski_aug_2/stereo_right/stereo_right_114.jpg,left,mosaic,9,"[473,74,104,150;264,58,99,151]"
/home/arturokkboss33/gestures/brodanski_aug_2/stereo_left/stereo_left_115.jpg,/home/arturokkboss33/gestures/brodanski_aug_2/stereo_right/stereo_right_115.jpg,right,mosaic,9,"[316,74,105,146;106,66,98,139]"
/home/arturokkboss33/gestures/brodanski_aug_2/stereo_left/stereo_left_118.jpg,/home/arturokkboss33/gestures/brodanski_aug_2/stereo_right/stereo_right_118.jpg,left,mosaic,9,"[466,77,112,143;273,69,109,144]"
/home/arturokkboss33/gestures/brodanski_aug_2/stereo_left/stereo_left_119.jpg,/home/arturokkboss33/gestures/brodanski_aug_2/stereo_right/stereo_right_119.jpg,right,mosaic,9,"[323,90,107,140;121,66,104,142]"
/home/arturokkboss33/gestures/brodanski_aug_2/stereo_left/stereo_left_122.jpg,/home/arturokkboss33/gestures/brodanski_aug_2/stereo_right/stereo_right_122.jpg,left,mosaic,9,"[474,67,123,143;281,67,96,142]"
/home/arturokkboss33/gestures/brodanski_aug_2/stereo_left/stereo_left_123.jpg,/home/arturokkboss33/gestures/brodanski_aug_2/stereo_right/stereo_right_123.jpg,right,mosaic,9,"[313,66,130,148;124,64,90,142]"
/home/arturokkboss33/gestures/brodanski_aug_2/stereo_left/stereo_left_126.jpg,/home/arturokkboss33/gestures/brodanski_aug_2/stereo_right/stereo_right_126.jpg,left,mosaic,9,"[477,72,101,137;274,64,98,131]"
/home/arturokkboss33/gestures/brodanski_aug_2/stereo_left/stereo_left_127.jpg,/home/arturokkboss33/gestures/brodanski_aug_2/stereo_right/stereo_right_127.jpg,right,mosaic,9,"[308,75,113,138;111,69,100,138]"
/home/arturokkboss33/gestures/brodanski_aug_2/stereo_left/stereo_left_130.jpg,/home/arturokkboss33/gestures/brodanski_aug_2/stereo_right/stereo_right_130.jpg,left,mosaic,9,"[474,76,113,139;269,68,95,133]"
/home/arturokkboss33/gestures/brodanski_aug_2/stereo_left/stereo_left_131.jpg,/home/arturokkboss33/gestures/brodanski_aug_2/stereo_right/stereo_right_131.jpg,right,mosaic,9,"[320,67,104,140;102,61,111,146]"
/home/arturokkboss33/gestures/brodanski_aug_2/stereo_left/stereo_left_134.jpg,/home/arturokkboss33/gestures/brodanski_aug_2/stereo_right/stereo_right_134.jpg,left,mosaic,9,"[485,58,99,151;272,68,106,145]"
/home/arturokkboss33/gestures/brodanski_aug_2/stereo_left/stereo_left_135.jpg,/home/arturokkboss33/gestures/brodanski_aug_2/stereo_right/stereo_right_135.jpg,right,mosaic,9,"[318,70,101,134;104,73,108,132]"
/home/arturokkboss33/gestures/brodanski_aug_2/stereo_left/stereo_left_138.jpg,/home/arturokkboss33/gestures/brodanski_aug_2/stereo_right/stereo_right_138.jpg,left,mosaic,9,"[476,57,111,149;275,63,107,138]"
/home/arturokkboss33/gestures/brodanski_aug_2/stereo_left/stereo_left_139.jpg,/home/arturokkboss33/gestures/brodanski_aug_2/stereo_right/stereo_right_139.jpg,right,mosaic,9,"[327,68,105,134;123,67,104,142]"
/home/arturokkboss33/gestures/brodanski_aug_2/stereo_left/stereo_left_142.jpg,/home/arturokkboss33/gestures/brodanski_aug_2/stereo_right/stereo_right_142.jpg,left,mosaic,9,"[485,65,107,141;275,70,107,133]"
/home/arturokkboss33/gestures/brodanski_aug_2/stereo_left/stereo_left_143.jpg,/home/arturokkboss33/gestures/brodanski_aug_2/stereo_right/stereo_right_143.jpg,right,mosaic,9,"[320,66,106,140;116,63,100,150]"
/home/arturokkboss33/gestures/brodanski_aug_2/stereo_left/stereo_left_90.jpg,/home/arturokkboss33/gestures/brodanski_aug_2/stereo_right/stereo_right_90.jpg,left,mosaic,9,"[491,49,111,158;271,50,104,153]"
/home/arturokkboss33/gestures/brodanski_aug_2/stereo_left/stereo_left_91.jpg,/home/arturokkboss33/gestures/brodanski_aug_2/stereo_right/stereo_right_91.jpg,right,mosaic,9,"[337,52,115,152;111,53,93,145]"
/home/arturokkboss33/gestures/brodanski_aug_2/stereo_left/stereo_left_94.jpg,/home/arturokkboss33/gestures/brodanski_aug_2/stereo_right/stereo_right_94.jpg,left,mosaic,9,"[488,58,107,139;265,52,96,146]"
/home/arturokkboss33/gestures/brodanski_aug_2/stereo_left/stereo_left_95.jpg,/home/arturokkboss33/gestures/brodanski_aug_2/stereo_right/stereo_right_95.jpg,right,mosaic,9,"[326,61,107,146;102,56,92,132]"
/home/arturokkboss33/gestures/brodanski_aug_2/stereo_left/stereo_left_98.jpg,/home/arturokkboss33/gestures/brodanski_aug_2/stereo_right/stereo_right_98.jpg,left,mosaic,9,"[475,58,107,151;256,56,97,137]"
/home/arturokkboss33/gestures/brodanski_aug_2/stereo_left/stereo_left_99.jpg,/home/arturokkboss33/gestures/brodanski_aug_2/stereo_right/stereo_right_99.jpg,right,mosaic,9,"[322,65,113,144;112,66,80,142]"
