imageFileName,start_comm,end_comm,up,down,photo,backwards,carry,boat,here,mosaic,num_delimiter,one,two,three,four,five,Class
'/home/arturokkboss33/gestures/brodanski_aug_2/mix/biograd1_0.jpg',[],[],[],[],[],[],[],[],[],[],[],[],[],[],[],[],other
'/home/arturokkboss33/gestures/brodanski_aug_2/mix/biograd1_1.jpg',[],[],[],[],[],[],[],[],[],[],[],[],[],[],[],[],other
'/home/arturokkboss33/gestures/brodanski_aug_2/mix/biograd1_12.jpg',[],[],[],[],[],[],[],[],[],[],[],[],[],[],[],[],other
'/home/arturokkboss33/gestures/brodanski_aug_2/mix/biograd1_13.jpg',[],[],[],[],[],[],[],[],[],[],[],[],[],[],[],[],other
'/home/arturokkboss33/gestures/brodanski_aug_2/mix/biograd1_144.jpg',[],[],[],[],[],[],[],[],[],[],[],[],[],[],[],[],other
'/home/arturokkboss33/gestures/brodanski_aug_2/mix/biograd1_145.jpg',[],[],[],[],[],[],[],[],[],[],[],[],[],[],[],[],other
'/home/arturokkboss33/gestures/brodanski_aug_2/mix/biograd1_16.jpg',[],[],[],[],[],[],[],[],[],[],[],[],[],[],[],[],other
'/home/arturokkboss33/gestures/brodanski_aug_2/mix/biograd1_17.jpg',[],[],[],[],[],[],[],[],[],[],[],[],[],[],[],[],other
'/home/arturokkboss33/gestures/brodanski_aug_2/mix/biograd1_184.jpg',[],[],[],[],[],[],[],[],[],[],[],[],[],[],[],[],other
'/home/arturokkboss33/gestures/brodanski_aug_2/mix/biograd1_185.jpg',[],[],[],[],[],[],[],[],[],[],[],[],[],[],[],[],other
'/home/arturokkboss33/gestures/brodanski_aug_2/mix/biograd1_20.jpg',[],[],[],[],[],[],[],[],[],[],[],[],[],[],[],[],other
'/home/arturokkboss33/gestures/brodanski_aug_2/mix/biograd1_21.jpg',[],[],[],[],[],[],[],[],[],[],[],[],[],[],[],[],other
'/home/arturokkboss33/gestures/brodanski_aug_2/mix/biograd1_232.jpg',[],[],[],[],[],[],[],[],[],[],[],[],[],[],[],[],other
'/home/arturokkboss33/gestures/brodanski_aug_2/mix/biograd1_24.jpg',[],[],[],[],[],[],[],[],[],[],[],[],[],[],[],[],other
'/home/arturokkboss33/gestures/brodanski_aug_2/mix/biograd1_25.jpg',[],[],[],[],[],[],[],[],[],[],[],[],[],[],[],[],other
'/home/arturokkboss33/gestures/brodanski_aug_2/mix/biograd1_276.jpg',[],[],[],[],[],[],[],[],[],[],[],[],[],[],[],[],other
'/home/arturokkboss33/gestures/brodanski_aug_2/mix/biograd1_28.jpg',[],[],[],[],[],[],[],[],[],[],[],[],[],[],[],[],other
'/home/arturokkboss33/gestures/brodanski_aug_2/mix/biograd1_29.jpg',[],[],[],[],[],[],[],[],[],[],[],[],[],[],[],[],other
'/home/arturokkboss33/gestures/brodanski_aug_2/mix/biograd1_32.jpg',[],[],[],[],[],[],[],[],[],[],[],[],[],[],[],[],other
'/home/arturokkboss33/gestures/brodanski_aug_2/mix/biograd1_320.jpg',[],[],[],[],[],[],[],[],[],[],[],[],[],[],[],[],other
'/home/arturokkboss33/gestures/brodanski_aug_2/mix/biograd1_33.jpg',[],[],[],[],[],[],[],[],[],[],[],[],[],[],[],[],other
'/home/arturokkboss33/gestures/brodanski_aug_2/mix/biograd1_36.jpg',[],[],[],[],[],[],[],[],[],[],[],[],[],[],[],[],other
'/home/arturokkboss33/gestures/brodanski_aug_2/mix/biograd1_360.jpg',[],[],[],[],[],[],[],[],[],[],[],[],[],[],[],[],other
'/home/arturokkboss33/gestures/brodanski_aug_2/mix/biograd1_361.jpg',[],[],[],[],[],[],[],[],[],[],[],[],[],[],[],[],other
'/home/arturokkboss33/gestures/brodanski_aug_2/mix/biograd1_364.jpg',[],[],[],[],[],[],[],[],[],[],[],[],[],[],[],[],other
'/home/arturokkboss33/gestures/brodanski_aug_2/mix/biograd1_365.jpg',[],[],[],[],[],[],[],[],[],[],[],[],[],[],[],[],other
'/home/arturokkboss33/gestures/brodanski_aug_2/mix/biograd1_368.jpg',[],[],[],[],[],[],[],[],[],[],[],[],[],[],[],[],other
'/home/arturokkboss33/gestures/brodanski_aug_2/mix/biograd1_369.jpg',[],[],[],[],[],[],[],[],[],[],[],[],[],[],[],[],other
'/home/arturokkboss33/gestures/brodanski_aug_2/mix/biograd1_37.jpg',[],[],[],[],[],[],[],[],[],[],[],[],[],[],[],[],other
'/home/arturokkboss33/gestures/brodanski_aug_2/mix/biograd1_372.jpg',[],[],[],[],[],[],[],[],[],[],[],[],[],[],[],[],other
'/home/arturokkboss33/gestures/brodanski_aug_2/mix/biograd1_373.jpg',[],[],[],[],[],[],[],[],[],[],[],[],[],[],[],[],other
'/home/arturokkboss33/gestures/brodanski_aug_2/mix/biograd1_4.jpg',[],[],[],[],[],[],[],[],[],[],[],[],[],[],[],[],other
'/home/arturokkboss33/gestures/brodanski_aug_2/mix/biograd1_40.jpg',[],[],[],[],[],[],[],[],[],[],[],[],[],[],[],[],other
'/home/arturokkboss33/gestures/brodanski_aug_2/mix/biograd1_41.jpg',[],[],[],[],[],[],[],[],[],[],[],[],[],[],[],[],other
'/home/arturokkboss33/gestures/brodanski_aug_2/mix/biograd1_420.jpg',[],[],[],[],[],[],[],[],[],[],[],[],[],[],[],[],other
'/home/arturokkboss33/gestures/brodanski_aug_2/mix/biograd1_421.jpg',[],[],[],[],[],[],[],[],[],[],[],[],[],[],[],[],other
'/home/arturokkboss33/gestures/brodanski_aug_2/mix/biograd1_424.jpg',[],[],[],[],[],[],[],[],[],[],[],[],[],[],[],[],other
'/home/arturokkboss33/gestures/brodanski_aug_2/mix/biograd1_425.jpg',[],[],[],[],[],[],[],[],[],[],[],[],[],[],[],[],other
'/home/arturokkboss33/gestures/brodanski_aug_2/mix/biograd1_44.jpg',[],[],[],[],[],[],[],[],[],[],[],[],[],[],[],[],other
'/home/arturokkboss33/gestures/brodanski_aug_2/mix/biograd1_45.jpg',[],[],[],[],[],[],[],[],[],[],[],[],[],[],[],[],other
'/home/arturokkboss33/gestures/brodanski_aug_2/mix/biograd1_48.jpg',[],[],[],[],[],[],[],[],[],[],[],[],[],[],[],[],other
'/home/arturokkboss33/gestures/brodanski_aug_2/mix/biograd1_485.jpg',[],[],[],[],[],[],[],[],[],[],[],[],[],[],[],[],other
'/home/arturokkboss33/gestures/brodanski_aug_2/mix/biograd1_49.jpg',[],[],[],[],[],[],[],[],[],[],[],[],[],[],[],[],other
'/home/arturokkboss33/gestures/brodanski_aug_2/mix/biograd1_5.jpg',[],[],[],[],[],[],[],[],[],[],[],[],[],[],[],[],other
'/home/arturokkboss33/gestures/brodanski_aug_2/mix/biograd1_509.jpg',[],[],[],[],[],[],[],[],[],[],[],[],[],[],[],[],other
'/home/arturokkboss33/gestures/brodanski_aug_2/mix/biograd1_544.jpg',[],[],[],[],[],[],[],[],[],[],[],[],[],[],[],[],other
'/home/arturokkboss33/gestures/brodanski_aug_2/mix/biograd1_545.jpg',[],[],[],[],[],[],[],[],[],[],[],[],[],[],[],[],other
'/home/arturokkboss33/gestures/brodanski_aug_2/mix/biograd1_588.jpg',[],[],[],[],[],[],[],[],[],[],[],[],[],[],[],[],other
'/home/arturokkboss33/gestures/brodanski_aug_2/mix/biograd1_589.jpg',[],[],[],[],[],[],[],[],[],[],[],[],[],[],[],[],other
'/home/arturokkboss33/gestures/brodanski_aug_2/mix/biograd1_629.jpg',[],[],[],[],[],[],[],[],[],[],[],[],[],[],[],[],other
'/home/arturokkboss33/gestures/brodanski_aug_2/mix/biograd1_632.jpg',[],[],[],[],[],[],[],[],[],[],[],[],[],[],[],[],other
'/home/arturokkboss33/gestures/brodanski_aug_2/mix/biograd1_633.jpg',[],[],[],[],[],[],[],[],[],[],[],[],[],[],[],[],other
'/home/arturokkboss33/gestures/brodanski_aug_2/mix/biograd1_636.jpg',[],[],[],[],[],[],[],[],[],[],[],[],[],[],[],[],other
'/home/arturokkboss33/gestures/brodanski_aug_2/mix/biograd1_677.jpg',[],[],[],[],[],[],[],[],[],[],[],[],[],[],[],[],other
'/home/arturokkboss33/gestures/brodanski_aug_2/mix/biograd1_764.jpg',[],[],[],[],[],[],[],[],[],[],[],[],[],[],[],[],other
'/home/arturokkboss33/gestures/brodanski_aug_2/mix/biograd1_765.jpg',[],[],[],[],[],[],[],[],[],[],[],[],[],[],[],[],other
'/home/arturokkboss33/gestures/brodanski_aug_2/mix/biograd1_768.jpg',[],[],[],[],[],[],[],[],[],[],[],[],[],[],[],[],other
'/home/arturokkboss33/gestures/brodanski_aug_2/mix/biograd1_769.jpg',[],[],[],[],[],[],[],[],[],[],[],[],[],[],[],[],other
'/home/arturokkboss33/gestures/brodanski_aug_2/mix/biograd1_772.jpg',[],[],[],[],[],[],[],[],[],[],[],[],[],[],[],[],other
'/home/arturokkboss33/gestures/brodanski_aug_2/mix/biograd1_773.jpg',[],[],[],[],[],[],[],[],[],[],[],[],[],[],[],[],other
'/home/arturokkboss33/gestures/brodanski_aug_2/mix/biograd1_776.jpg',[],[],[],[],[],[],[],[],[],[],[],[],[],[],[],[],other
'/home/arturokkboss33/gestures/brodanski_aug_2/mix/biograd1_777.jpg',[],[],[],[],[],[],[],[],[],[],[],[],[],[],[],[],other
'/home/arturokkboss33/gestures/brodanski_aug_2/mix/biograd1_780.jpg',[],[],[],[],[],[],[],[],[],[],[],[],[],[],[],[],other
'/home/arturokkboss33/gestures/brodanski_aug_2/mix/biograd1_781.jpg',[],[],[],[],[],[],[],[],[],[],[],[],[],[],[],[],other
'/home/arturokkboss33/gestures/brodanski_aug_2/mix/biograd1_784.jpg',[],[],[],[],[],[],[],[],[],[],[],[],[],[],[],[],other
'/home/arturokkboss33/gestures/brodanski_aug_2/mix/biograd1_785.jpg',[],[],[],[],[],[],[],[],[],[],[],[],[],[],[],[],other
'/home/arturokkboss33/gestures/brodanski_aug_2/mix/biograd1_788.jpg',[],[],[],[],[],[],[],[],[],[],[],[],[],[],[],[],other
'/home/arturokkboss33/gestures/brodanski_aug_2/mix/biograd1_789.jpg',[],[],[],[],[],[],[],[],[],[],[],[],[],[],[],[],other
'/home/arturokkboss33/gestures/brodanski_aug_2/mix/biograd1_792.jpg',[],[],[],[],[],[],[],[],[],[],[],[],[],[],[],[],other
'/home/arturokkboss33/gestures/brodanski_aug_2/mix/biograd1_793.jpg',[],[],[],[],[],[],[],[],[],[],[],[],[],[],[],[],other
'/home/arturokkboss33/gestures/brodanski_aug_2/mix/biograd1_796.jpg',[],[],[],[],[],[],[],[],[],[],[],[],[],[],[],[],other
'/home/arturokkboss33/gestures/brodanski_aug_2/mix/biograd1_797.jpg',[],[],[],[],[],[],[],[],[],[],[],[],[],[],[],[],other
'/home/arturokkboss33/gestures/brodanski_aug_2/mix/biograd1_8.jpg',[],[],[],[],[],[],[],[],[],[],[],[],[],[],[],[],other
'/home/arturokkboss33/gestures/brodanski_aug_2/mix/biograd1_84.jpg',[],[],[],[],[],[],[],[],[],[],[],[],[],[],[],[],other
'/home/arturokkboss33/gestures/brodanski_aug_2/mix/biograd1_85.jpg',[],[],[],[],[],[],[],[],[],[],[],[],[],[],[],[],other
'/home/arturokkboss33/gestures/brodanski_aug_2/mix/biograd1_9.jpg',[],[],[],[],[],[],[],[],[],[],[],[],[],[],[],[],other
'/home/arturokkboss33/gestures/brodanski_aug_2/mix/biograd1_148.jpg',[],[],[],[],[],[],[],[],[],[],[],[],[],"[286,61,93,145]",[],[],three
'/home/arturokkboss33/gestures/brodanski_aug_2/mix/biograd1_149.jpg',[],[],[],[],[],[],[],[],[],[],[],[],[],"[99,58,117,157]",[],[],three
'/home/arturokkboss33/gestures/brodanski_aug_2/mix/biograd1_152.jpg',[],[],[],[],[],[],[],[],[],[],[],[],[],"[279,54,106,164]",[],[],three
'/home/arturokkboss33/gestures/brodanski_aug_2/mix/biograd1_153.jpg',[],[],[],[],[],[],[],[],[],[],[],[],[],"[94,61,114,151]",[],[],three
'/home/arturokkboss33/gestures/brodanski_aug_2/mix/biograd1_156.jpg',[],[],[],[],[],[],[],[],[],[],[],[],[],"[277,63,104,157]",[],[],three
'/home/arturokkboss33/gestures/brodanski_aug_2/mix/biograd1_157.jpg',[],[],[],[],[],[],[],[],[],[],[],[],[],"[97,64,114,153]",[],[],three
'/home/arturokkboss33/gestures/brodanski_aug_2/mix/biograd1_160.jpg',[],[],[],[],[],[],[],[],[],[],[],[],[],"[265,59,103,154]",[],[],three
'/home/arturokkboss33/gestures/brodanski_aug_2/mix/biograd1_161.jpg',[],[],[],[],[],[],[],[],[],[],[],[],[],"[100,62,104,148]",[],[],three
'/home/arturokkboss33/gestures/brodanski_aug_2/mix/biograd1_164.jpg',[],[],[],[],[],[],[],[],[],[],[],[],[],"[276,49,101,169]",[],[],three
'/home/arturokkboss33/gestures/brodanski_aug_2/mix/biograd1_165.jpg',[],[],[],[],[],[],[],[],[],[],[],[],[],"[106,53,106,155]",[],[],three
'/home/arturokkboss33/gestures/brodanski_aug_2/mix/biograd1_168.jpg',[],[],[],[],[],[],[],[],[],[],[],[],[],"[285,57,89,154]",[],[],three
'/home/arturokkboss33/gestures/brodanski_aug_2/mix/biograd1_169.jpg',[],[],[],[],[],[],[],[],[],[],[],[],[],"[108,61,103,143]",[],[],three
'/home/arturokkboss33/gestures/brodanski_aug_2/mix/biograd1_172.jpg',[],[],[],[],[],[],[],[],[],[],[],[],[],"[277,55,101,150]",[],[],three
'/home/arturokkboss33/gestures/brodanski_aug_2/mix/biograd1_173.jpg',[],[],[],[],[],[],[],[],[],[],[],[],[],"[111,66,97,139]",[],[],three
'/home/arturokkboss33/gestures/brodanski_aug_2/mix/biograd1_176.jpg',[],[],[],[],[],[],[],[],[],[],[],[],[],"[280,70,105,153]",[],[],three
'/home/arturokkboss33/gestures/brodanski_aug_2/mix/biograd1_177.jpg',[],[],[],[],[],[],[],[],[],[],[],[],[],"[107,69,109,156]",[],[],three
'/home/arturokkboss33/gestures/brodanski_aug_2/mix/biograd1_180.jpg',[],[],[],[],[],[],[],[],[],[],[],[],[],"[282,76,112,144]",[],[],three
'/home/arturokkboss33/gestures/brodanski_aug_2/mix/biograd1_181.jpg',[],[],[],[],[],[],[],[],[],[],[],[],[],"[112,71,100,142]",[],[],three
'/home/arturokkboss33/gestures/brodanski_aug_2/mix/biograd1_188.jpg',[],[],[],[],[],[],[],[],[],[],"[304,88,86,113]",[],[],[],[],[],num_delimiter
'/home/arturokkboss33/gestures/brodanski_aug_2/mix/biograd1_189.jpg',[],[],[],[],[],[],[],[],[],[],"[148,86,102,115]",[],[],[],[],[],num_delimiter
'/home/arturokkboss33/gestures/brodanski_aug_2/mix/biograd1_192.jpg',[],[],[],[],[],[],[],[],[],[],"[298,82,89,116]",[],[],[],[],[],num_delimiter
'/home/arturokkboss33/gestures/brodanski_aug_2/mix/biograd1_193.jpg',[],[],[],[],[],[],[],[],[],[],"[136,96,113,109]",[],[],[],[],[],num_delimiter
'/home/arturokkboss33/gestures/brodanski_aug_2/mix/biograd1_196.jpg',[],[],[],[],[],[],[],[],[],[],"[282,88,94,106]",[],[],[],[],[],num_delimiter
'/home/arturokkboss33/gestures/brodanski_aug_2/mix/biograd1_197.jpg',[],[],[],[],[],[],[],[],[],[],"[128,86,105,110]",[],[],[],[],[],num_delimiter
'/home/arturokkboss33/gestures/brodanski_aug_2/mix/biograd1_200.jpg',[],[],[],[],[],[],[],[],[],[],"[282,83,90,109]",[],[],[],[],[],num_delimiter
'/home/arturokkboss33/gestures/brodanski_aug_2/mix/biograd1_201.jpg',[],[],[],[],[],[],[],[],[],[],"[129,99,96,100]",[],[],[],[],[],num_delimiter
'/home/arturokkboss33/gestures/brodanski_aug_2/mix/biograd1_204.jpg',[],[],[],[],[],[],[],[],[],[],"[293,96,91,110]",[],[],[],[],[],num_delimiter
'/home/arturokkboss33/gestures/brodanski_aug_2/mix/biograd1_205.jpg',[],[],[],[],[],[],[],[],[],[],"[138,99,93,98]",[],[],[],[],[],num_delimiter
'/home/arturokkboss33/gestures/brodanski_aug_2/mix/biograd1_208.jpg',[],[],[],[],[],[],[],[],[],[],"[282,82,94,114]",[],[],[],[],[],num_delimiter
'/home/arturokkboss33/gestures/brodanski_aug_2/mix/biograd1_209.jpg',[],[],[],[],[],[],[],[],[],[],"[137,85,92,110]",[],[],[],[],[],num_delimiter
'/home/arturokkboss33/gestures/brodanski_aug_2/mix/biograd1_212.jpg',[],[],[],[],[],[],[],[],[],[],"[281,80,96,104]",[],[],[],[],[],num_delimiter
'/home/arturokkboss33/gestures/brodanski_aug_2/mix/biograd1_213.jpg',[],[],[],[],[],[],[],[],[],[],"[129,87,100,99]",[],[],[],[],[],num_delimiter
'/home/arturokkboss33/gestures/brodanski_aug_2/mix/biograd1_216.jpg',[],[],[],[],[],[],[],[],[],[],"[281,80,102,108]",[],[],[],[],[],num_delimiter
'/home/arturokkboss33/gestures/brodanski_aug_2/mix/biograd1_217.jpg',[],[],[],[],[],[],[],[],[],[],"[128,82,101,115]",[],[],[],[],[],num_delimiter
'/home/arturokkboss33/gestures/brodanski_aug_2/mix/biograd1_220.jpg',[],[],[],[],[],[],[],[],[],[],"[277,74,111,123]",[],[],[],[],[],num_delimiter
'/home/arturokkboss33/gestures/brodanski_aug_2/mix/biograd1_221.jpg',[],[],[],[],[],[],[],[],[],[],"[146,84,95,118]",[],[],[],[],[],num_delimiter
'/home/arturokkboss33/gestures/brodanski_aug_2/mix/biograd1_224.jpg',[],[],[],[],[],[],[],[],[],[],"[306,86,91,115]",[],[],[],[],[],num_delimiter
'/home/arturokkboss33/gestures/brodanski_aug_2/mix/biograd1_225.jpg',[],[],[],[],[],[],[],[],[],[],"[152,92,93,115]",[],[],[],[],[],num_delimiter
'/home/arturokkboss33/gestures/brodanski_aug_2/mix/biograd1_228.jpg',[],[],[],[],[],[],[],[],[],[],"[301,88,97,105]",[],[],[],[],[],num_delimiter
'/home/arturokkboss33/gestures/brodanski_aug_2/mix/biograd1_229.jpg',[],[],[],[],[],[],[],[],[],[],"[145,84,96,104]",[],[],[],[],[],num_delimiter
'/home/arturokkboss33/gestures/brodanski_aug_2/mix/biograd1_233.jpg',[],[],[],[],[],[],[],[],[],[],[],[],"[126,32,88,147]",[],[],[],two
'/home/arturokkboss33/gestures/brodanski_aug_2/mix/biograd1_236.jpg',[],[],[],[],[],[],[],[],[],[],[],[],"[297,53,92,170]",[],[],[],two
'/home/arturokkboss33/gestures/brodanski_aug_2/mix/biograd1_237.jpg',[],[],[],[],[],[],[],[],[],[],[],[],"[124,61,107,165]",[],[],[],two
'/home/arturokkboss33/gestures/brodanski_aug_2/mix/biograd1_240.jpg',[],[],[],[],[],[],[],[],[],[],[],[],"[293,57,107,169]",[],[],[],two
'/home/arturokkboss33/gestures/brodanski_aug_2/mix/biograd1_241.jpg',[],[],[],[],[],[],[],[],[],[],[],[],"[128,57,103,171]",[],[],[],two
'/home/arturokkboss33/gestures/brodanski_aug_2/mix/biograd1_244.jpg',[],[],[],[],[],[],[],[],[],[],[],[],"[292,63,99,162]",[],[],[],two
'/home/arturokkboss33/gestures/brodanski_aug_2/mix/biograd1_245.jpg',[],[],[],[],[],[],[],[],[],[],[],[],"[109,61,113,157]",[],[],[],two
'/home/arturokkboss33/gestures/brodanski_aug_2/mix/biograd1_248.jpg',[],[],[],[],[],[],[],[],[],[],[],[],"[294,64,93,165]",[],[],[],two
'/home/arturokkboss33/gestures/brodanski_aug_2/mix/biograd1_249.jpg',[],[],[],[],[],[],[],[],[],[],[],[],"[115,70,98,150]",[],[],[],two
'/home/arturokkboss33/gestures/brodanski_aug_2/mix/biograd1_252.jpg',[],[],[],[],[],[],[],[],[],[],[],[],"[287,61,100,176]",[],[],[],two
'/home/arturokkboss33/gestures/brodanski_aug_2/mix/biograd1_253.jpg',[],[],[],[],[],[],[],[],[],[],[],[],"[112,64,98,166]",[],[],[],two
'/home/arturokkboss33/gestures/brodanski_aug_2/mix/biograd1_256.jpg',[],[],[],[],[],[],[],[],[],[],[],[],"[287,64,100,156]",[],[],[],two
'/home/arturokkboss33/gestures/brodanski_aug_2/mix/biograd1_257.jpg',[],[],[],[],[],[],[],[],[],[],[],[],"[111,64,103,161]",[],[],[],two
'/home/arturokkboss33/gestures/brodanski_aug_2/mix/biograd1_260.jpg',[],[],[],[],[],[],[],[],[],[],[],[],"[265,67,114,155]",[],[],[],two
'/home/arturokkboss33/gestures/brodanski_aug_2/mix/biograd1_261.jpg',[],[],[],[],[],[],[],[],[],[],[],[],"[101,63,95,166]",[],[],[],two
'/home/arturokkboss33/gestures/brodanski_aug_2/mix/biograd1_264.jpg',[],[],[],[],[],[],[],[],[],[],[],[],"[264,66,104,168]",[],[],[],two
'/home/arturokkboss33/gestures/brodanski_aug_2/mix/biograd1_265.jpg',[],[],[],[],[],[],[],[],[],[],[],[],"[95,59,119,166]",[],[],[],two
'/home/arturokkboss33/gestures/brodanski_aug_2/mix/biograd1_268.jpg',[],[],[],[],[],[],[],[],[],[],[],[],"[257,63,116,171]",[],[],[],two
'/home/arturokkboss33/gestures/brodanski_aug_2/mix/biograd1_269.jpg',[],[],[],[],[],[],[],[],[],[],[],[],"[91,64,113,168]",[],[],[],two
'/home/arturokkboss33/gestures/brodanski_aug_2/mix/biograd1_272.jpg',[],[],[],[],[],[],[],[],[],[],[],[],"[263,74,116,158]",[],[],[],two
'/home/arturokkboss33/gestures/brodanski_aug_2/mix/biograd1_273.jpg',[],[],[],[],[],[],[],[],[],[],[],[],"[80,68,124,155]",[],[],[],two
'/home/arturokkboss33/gestures/brodanski_aug_2/mix/biograd1_277.jpg',[],[],[],[],[],[],[],[],[],[],"[148,61,95,101]",[],[],[],[],[],num_delimiter
'/home/arturokkboss33/gestures/brodanski_aug_2/mix/biograd1_280.jpg',[],[],[],[],[],[],[],[],[],[],"[305,86,97,110]",[],[],[],[],[],num_delimiter
'/home/arturokkboss33/gestures/brodanski_aug_2/mix/biograd1_281.jpg',[],[],[],[],[],[],[],[],[],[],"[153,89,92,114]",[],[],[],[],[],num_delimiter
'/home/arturokkboss33/gestures/brodanski_aug_2/mix/biograd1_284.jpg',[],[],[],[],[],[],[],[],[],[],"[294,88,105,119]",[],[],[],[],[],num_delimiter
'/home/arturokkboss33/gestures/brodanski_aug_2/mix/biograd1_285.jpg',[],[],[],[],[],[],[],[],[],[],"[145,96,93,117]",[],[],[],[],[],num_delimiter
'/home/arturokkboss33/gestures/brodanski_aug_2/mix/biograd1_288.jpg',[],[],[],[],[],[],[],[],[],[],"[301,83,91,127]",[],[],[],[],[],num_delimiter
'/home/arturokkboss33/gestures/brodanski_aug_2/mix/biograd1_289.jpg',[],[],[],[],[],[],[],[],[],[],"[143,82,95,119]",[],[],[],[],[],num_delimiter
'/home/arturokkboss33/gestures/brodanski_aug_2/mix/biograd1_292.jpg',[],[],[],[],[],[],[],[],[],[],"[302,87,100,119]",[],[],[],[],[],num_delimiter
'/home/arturokkboss33/gestures/brodanski_aug_2/mix/biograd1_293.jpg',[],[],[],[],[],[],[],[],[],[],"[140,86,110,112]",[],[],[],[],[],num_delimiter
'/home/arturokkboss33/gestures/brodanski_aug_2/mix/biograd1_296.jpg',[],[],[],[],[],[],[],[],[],[],"[299,86,100,126]",[],[],[],[],[],num_delimiter
'/home/arturokkboss33/gestures/brodanski_aug_2/mix/biograd1_297.jpg',[],[],[],[],[],[],[],[],[],[],"[144,91,95,107]",[],[],[],[],[],num_delimiter
'/home/arturokkboss33/gestures/brodanski_aug_2/mix/biograd1_300.jpg',[],[],[],[],[],[],[],[],[],[],"[304,81,100,117]",[],[],[],[],[],num_delimiter
'/home/arturokkboss33/gestures/brodanski_aug_2/mix/biograd1_301.jpg',[],[],[],[],[],[],[],[],[],[],"[153,82,95,112]",[],[],[],[],[],num_delimiter
'/home/arturokkboss33/gestures/brodanski_aug_2/mix/biograd1_304.jpg',[],[],[],[],[],[],[],[],[],[],"[306,79,94,126]",[],[],[],[],[],num_delimiter
'/home/arturokkboss33/gestures/brodanski_aug_2/mix/biograd1_305.jpg',[],[],[],[],[],[],[],[],[],[],"[151,85,92,109]",[],[],[],[],[],num_delimiter
'/home/arturokkboss33/gestures/brodanski_aug_2/mix/biograd1_308.jpg',[],[],[],[],[],[],[],[],[],[],"[311,84,95,112]",[],[],[],[],[],num_delimiter
'/home/arturokkboss33/gestures/brodanski_aug_2/mix/biograd1_309.jpg',[],[],[],[],[],[],[],[],[],[],"[143,96,119,105]",[],[],[],[],[],num_delimiter
'/home/arturokkboss33/gestures/brodanski_aug_2/mix/biograd1_312.jpg',[],[],[],[],[],[],[],[],[],[],"[294,88,114,118]",[],[],[],[],[],num_delimiter
'/home/arturokkboss33/gestures/brodanski_aug_2/mix/biograd1_313.jpg',[],[],[],[],[],[],[],[],[],[],"[132,91,106,110]",[],[],[],[],[],num_delimiter
'/home/arturokkboss33/gestures/brodanski_aug_2/mix/biograd1_316.jpg',[],[],[],[],[],[],[],[],[],[],"[305,88,92,115]",[],[],[],[],[],num_delimiter
'/home/arturokkboss33/gestures/brodanski_aug_2/mix/biograd1_317.jpg',[],[],[],[],[],[],[],[],[],[],"[135,96,111,106]",[],[],[],[],[],num_delimiter
'/home/arturokkboss33/gestures/brodanski_aug_2/mix/biograd1_321.jpg',[],"[214,85,102,148]",[],[],[],[],[],[],[],[],[],[],[],[],[],[],end_comm
'/home/arturokkboss33/gestures/brodanski_aug_2/mix/biograd1_324.jpg',[],"[399,110,81,144]",[],[],[],[],[],[],[],[],[],[],[],[],[],[],end_comm
'/home/arturokkboss33/gestures/brodanski_aug_2/mix/biograd1_325.jpg',[],"[223,91,90,147]",[],[],[],[],[],[],[],[],[],[],[],[],[],[],end_comm
'/home/arturokkboss33/gestures/brodanski_aug_2/mix/biograd1_328.jpg',[],"[385,95,87,155]",[],[],[],[],[],[],[],[],[],[],[],[],[],[],end_comm
'/home/arturokkboss33/gestures/brodanski_aug_2/mix/biograd1_329.jpg',[],"[230,104,79,147]",[],[],[],[],[],[],[],[],[],[],[],[],[],[],end_comm
'/home/arturokkboss33/gestures/brodanski_aug_2/mix/biograd1_332.jpg',[],"[379,101,84,141]",[],[],[],[],[],[],[],[],[],[],[],[],[],[],end_comm
'/home/arturokkboss33/gestures/brodanski_aug_2/mix/biograd1_333.jpg',[],"[223,96,86,144]",[],[],[],[],[],[],[],[],[],[],[],[],[],[],end_comm
'/home/arturokkboss33/gestures/brodanski_aug_2/mix/biograd1_336.jpg',[],"[383,98,80,147]",[],[],[],[],[],[],[],[],[],[],[],[],[],[],end_comm
'/home/arturokkboss33/gestures/brodanski_aug_2/mix/biograd1_337.jpg',[],"[224,93,99,150]",[],[],[],[],[],[],[],[],[],[],[],[],[],[],end_comm
'/home/arturokkboss33/gestures/brodanski_aug_2/mix/biograd1_340.jpg',[],"[374,97,81,140]",[],[],[],[],[],[],[],[],[],[],[],[],[],[],end_comm
'/home/arturokkboss33/gestures/brodanski_aug_2/mix/biograd1_341.jpg',[],"[220,90,96,150]",[],[],[],[],[],[],[],[],[],[],[],[],[],[],end_comm
'/home/arturokkboss33/gestures/brodanski_aug_2/mix/biograd1_344.jpg',[],"[367,86,86,140]",[],[],[],[],[],[],[],[],[],[],[],[],[],[],end_comm
'/home/arturokkboss33/gestures/brodanski_aug_2/mix/biograd1_345.jpg',[],"[210,86,96,147]",[],[],[],[],[],[],[],[],[],[],[],[],[],[],end_comm
'/home/arturokkboss33/gestures/brodanski_aug_2/mix/biograd1_348.jpg',[],"[382,98,86,144]",[],[],[],[],[],[],[],[],[],[],[],[],[],[],end_comm
'/home/arturokkboss33/gestures/brodanski_aug_2/mix/biograd1_349.jpg',[],"[215,78,98,158]",[],[],[],[],[],[],[],[],[],[],[],[],[],[],end_comm
'/home/arturokkboss33/gestures/brodanski_aug_2/mix/biograd1_352.jpg',[],"[382,93,82,138]",[],[],[],[],[],[],[],[],[],[],[],[],[],[],end_comm
'/home/arturokkboss33/gestures/brodanski_aug_2/mix/biograd1_353.jpg',[],"[225,98,82,137]",[],[],[],[],[],[],[],[],[],[],[],[],[],[],end_comm
'/home/arturokkboss33/gestures/brodanski_aug_2/mix/biograd1_356.jpg',[],"[375,85,76,144]",[],[],[],[],[],[],[],[],[],[],[],[],[],[],end_comm
'/home/arturokkboss33/gestures/brodanski_aug_2/mix/biograd1_357.jpg',[],"[205,81,84,147]",[],[],[],[],[],[],[],[],[],[],[],[],[],[],end_comm
'/home/arturokkboss33/gestures/brodanski_aug_2/mix/biograd1_376.jpg',"[357,88,98,147]",[],[],[],[],[],[],[],[],[],[],[],[],[],[],[],start_comm
'/home/arturokkboss33/gestures/brodanski_aug_2/mix/biograd1_377.jpg',"[209,86,96,151]",[],[],[],[],[],[],[],[],[],[],[],[],[],[],[],start_comm
'/home/arturokkboss33/gestures/brodanski_aug_2/mix/biograd1_380.jpg',"[361,86,92,149]",[],[],[],[],[],[],[],[],[],[],[],[],[],[],[],start_comm
'/home/arturokkboss33/gestures/brodanski_aug_2/mix/biograd1_381.jpg',"[203,85,81,134]",[],[],[],[],[],[],[],[],[],[],[],[],[],[],[],start_comm
'/home/arturokkboss33/gestures/brodanski_aug_2/mix/biograd1_384.jpg',"[350,74,99,148]",[],[],[],[],[],[],[],[],[],[],[],[],[],[],[],start_comm
'/home/arturokkboss33/gestures/brodanski_aug_2/mix/biograd1_385.jpg',"[203,73,93,143]",[],[],[],[],[],[],[],[],[],[],[],[],[],[],[],start_comm
'/home/arturokkboss33/gestures/brodanski_aug_2/mix/biograd1_388.jpg',"[359,80,104,161]",[],[],[],[],[],[],[],[],[],[],[],[],[],[],[],start_comm
'/home/arturokkboss33/gestures/brodanski_aug_2/mix/biograd1_389.jpg',"[200,83,104,151]",[],[],[],[],[],[],[],[],[],[],[],[],[],[],[],start_comm
'/home/arturokkboss33/gestures/brodanski_aug_2/mix/biograd1_392.jpg',"[367,79,101,146]",[],[],[],[],[],[],[],[],[],[],[],[],[],[],[],start_comm
'/home/arturokkboss33/gestures/brodanski_aug_2/mix/biograd1_393.jpg',"[210,83,98,141]",[],[],[],[],[],[],[],[],[],[],[],[],[],[],[],start_comm
'/home/arturokkboss33/gestures/brodanski_aug_2/mix/biograd1_396.jpg',"[374,86,92,158]",[],[],[],[],[],[],[],[],[],[],[],[],[],[],[],start_comm
'/home/arturokkboss33/gestures/brodanski_aug_2/mix/biograd1_397.jpg',"[218,86,102,138]",[],[],[],[],[],[],[],[],[],[],[],[],[],[],[],start_comm
'/home/arturokkboss33/gestures/brodanski_aug_2/mix/biograd1_400.jpg',"[370,79,98,140]",[],[],[],[],[],[],[],[],[],[],[],[],[],[],[],start_comm
'/home/arturokkboss33/gestures/brodanski_aug_2/mix/biograd1_401.jpg',"[217,79,94,142]",[],[],[],[],[],[],[],[],[],[],[],[],[],[],[],start_comm
'/home/arturokkboss33/gestures/brodanski_aug_2/mix/biograd1_404.jpg',"[381,86,103,151]",[],[],[],[],[],[],[],[],[],[],[],[],[],[],[],start_comm
'/home/arturokkboss33/gestures/brodanski_aug_2/mix/biograd1_405.jpg',"[225,87,86,143]",[],[],[],[],[],[],[],[],[],[],[],[],[],[],[],start_comm
'/home/arturokkboss33/gestures/brodanski_aug_2/mix/biograd1_408.jpg',"[373,88,104,145]",[],[],[],[],[],[],[],[],[],[],[],[],[],[],[],start_comm
'/home/arturokkboss33/gestures/brodanski_aug_2/mix/biograd1_409.jpg',"[216,88,100,152]",[],[],[],[],[],[],[],[],[],[],[],[],[],[],[],start_comm
'/home/arturokkboss33/gestures/brodanski_aug_2/mix/biograd1_412.jpg',"[380,84,102,155]",[],[],[],[],[],[],[],[],[],[],[],[],[],[],[],start_comm
'/home/arturokkboss33/gestures/brodanski_aug_2/mix/biograd1_413.jpg',"[219,90,99,154]",[],[],[],[],[],[],[],[],[],[],[],[],[],[],[],start_comm
'/home/arturokkboss33/gestures/brodanski_aug_2/mix/biograd1_416.jpg',"[380,95,97,149]",[],[],[],[],[],[],[],[],[],[],[],[],[],[],[],start_comm
'/home/arturokkboss33/gestures/brodanski_aug_2/mix/biograd1_417.jpg',"[221,88,91,144]",[],[],[],[],[],[],[],[],[],[],[],[],[],[],[],start_comm
'/home/arturokkboss33/gestures/brodanski_aug_2/mix/biograd1_428.jpg',[],[],[],[],[],[],[],"[317,218,202,122]",[],[],[],[],[],[],[],[],boat
'/home/arturokkboss33/gestures/brodanski_aug_2/mix/biograd1_429.jpg',[],[],[],[],[],[],[],"[148,230,189,115]",[],[],[],[],[],[],[],[],boat
'/home/arturokkboss33/gestures/brodanski_aug_2/mix/biograd1_432.jpg',[],[],[],[],[],[],[],"[319,217,205,130]",[],[],[],[],[],[],[],[],boat
'/home/arturokkboss33/gestures/brodanski_aug_2/mix/biograd1_433.jpg',[],[],[],[],[],[],[],"[160,225,173,108]",[],[],[],[],[],[],[],[],boat
'/home/arturokkboss33/gestures/brodanski_aug_2/mix/biograd1_436.jpg',[],[],[],[],[],[],[],"[323,215,197,128]",[],[],[],[],[],[],[],[],boat
'/home/arturokkboss33/gestures/brodanski_aug_2/mix/biograd1_437.jpg',[],[],[],[],[],[],[],"[166,233,183,113]",[],[],[],[],[],[],[],[],boat
'/home/arturokkboss33/gestures/brodanski_aug_2/mix/biograd1_440.jpg',[],[],[],[],[],[],[],"[338,242,175,113]",[],[],[],[],[],[],[],[],boat
'/home/arturokkboss33/gestures/brodanski_aug_2/mix/biograd1_441.jpg',[],[],[],[],[],[],[],"[141,232,174,146]",[],[],[],[],[],[],[],[],boat
'/home/arturokkboss33/gestures/brodanski_aug_2/mix/biograd1_444.jpg',[],[],[],[],[],[],[],"[327,235,192,144]",[],[],[],[],[],[],[],[],boat
'/home/arturokkboss33/gestures/brodanski_aug_2/mix/biograd1_445.jpg',[],[],[],[],[],[],[],"[165,239,181,131]",[],[],[],[],[],[],[],[],boat
'/home/arturokkboss33/gestures/brodanski_aug_2/mix/biograd1_448.jpg',[],[],[],[],[],[],[],"[347,235,173,142]",[],[],[],[],[],[],[],[],boat
'/home/arturokkboss33/gestures/brodanski_aug_2/mix/biograd1_449.jpg',[],[],[],[],[],[],[],"[159,240,190,118]",[],[],[],[],[],[],[],[],boat
'/home/arturokkboss33/gestures/brodanski_aug_2/mix/biograd1_452.jpg',[],[],[],[],[],[],[],"[345,235,169,113]",[],[],[],[],[],[],[],[],boat
'/home/arturokkboss33/gestures/brodanski_aug_2/mix/biograd1_453.jpg',[],[],[],[],[],[],[],"[165,236,153,114]",[],[],[],[],[],[],[],[],boat
'/home/arturokkboss33/gestures/brodanski_aug_2/mix/biograd1_456.jpg',[],[],[],[],[],[],[],"[337,230,161,105]",[],[],[],[],[],[],[],[],boat
'/home/arturokkboss33/gestures/brodanski_aug_2/mix/biograd1_457.jpg',[],[],[],[],[],[],[],"[156,235,171,102]",[],[],[],[],[],[],[],[],boat
'/home/arturokkboss33/gestures/brodanski_aug_2/mix/biograd1_460.jpg',[],[],[],[],[],[],[],"[321,226,208,109]",[],[],[],[],[],[],[],[],boat
'/home/arturokkboss33/gestures/brodanski_aug_2/mix/biograd1_461.jpg',[],[],[],[],[],[],[],"[162,229,181,106]",[],[],[],[],[],[],[],[],boat
'/home/arturokkboss33/gestures/brodanski_aug_2/mix/biograd1_464.jpg',[],[],[],[],[],[],[],"[331,223,182,105]",[],[],[],[],[],[],[],[],boat
'/home/arturokkboss33/gestures/brodanski_aug_2/mix/biograd1_465.jpg',[],[],[],[],[],[],[],"[170,225,171,106]",[],[],[],[],[],[],[],[],boat
'/home/arturokkboss33/gestures/brodanski_aug_2/mix/biograd1_468.jpg',[],[],[],[],[],[],[],"[348,218,179,115]",[],[],[],[],[],[],[],[],boat
'/home/arturokkboss33/gestures/brodanski_aug_2/mix/biograd1_469.jpg',[],[],[],[],[],[],[],"[170,215,166,110]",[],[],[],[],[],[],[],[],boat
'/home/arturokkboss33/gestures/brodanski_aug_2/mix/biograd1_472.jpg',[],[],[],[],[],[],[],"[345,226,164,108]",[],[],[],[],[],[],[],[],boat
'/home/arturokkboss33/gestures/brodanski_aug_2/mix/biograd1_473.jpg',[],[],[],[],[],[],[],"[176,218,162,109]",[],[],[],[],[],[],[],[],boat
'/home/arturokkboss33/gestures/brodanski_aug_2/mix/biograd1_476.jpg',[],[],[],[],[],[],[],"[338,209,181,121]",[],[],[],[],[],[],[],[],boat
'/home/arturokkboss33/gestures/brodanski_aug_2/mix/biograd1_477.jpg',[],[],[],[],[],[],[],"[185,212,155,111]",[],[],[],[],[],[],[],[],boat
'/home/arturokkboss33/gestures/brodanski_aug_2/mix/biograd1_480.jpg',[],[],[],[],[],[],[],"[355,203,159,113]",[],[],[],[],[],[],[],[],boat
'/home/arturokkboss33/gestures/brodanski_aug_2/mix/biograd1_481.jpg',[],[],[],[],[],[],[],"[174,200,160,122]",[],[],[],[],[],[],[],[],boat
'/home/arturokkboss33/gestures/brodanski_aug_2/mix/biograd1_484.jpg',[],[],[],[],[],[],[],"[341,216,183,114]",[],[],[],[],[],[],[],[],boat
'/home/arturokkboss33/gestures/brodanski_aug_2/mix/biograd1_488.jpg',[],[],[],[],[],[],[],"[355,227,166,98]",[],[],[],[],[],[],[],[],boat
'/home/arturokkboss33/gestures/brodanski_aug_2/mix/biograd1_489.jpg',[],[],[],[],[],[],[],"[176,232,177,111]",[],[],[],[],[],[],[],[],boat
'/home/arturokkboss33/gestures/brodanski_aug_2/mix/biograd1_492.jpg',[],[],[],[],[],[],[],"[341,231,190,115]",[],[],[],[],[],[],[],[],boat
'/home/arturokkboss33/gestures/brodanski_aug_2/mix/biograd1_493.jpg',[],[],[],[],[],[],[],"[163,238,173,114]",[],[],[],[],[],[],[],[],boat
'/home/arturokkboss33/gestures/brodanski_aug_2/mix/biograd1_496.jpg',[],[],[],[],[],[],[],"[340,231,189,117]",[],[],[],[],[],[],[],[],boat
'/home/arturokkboss33/gestures/brodanski_aug_2/mix/biograd1_497.jpg',[],[],[],[],[],[],[],"[155,240,198,113]",[],[],[],[],[],[],[],[],boat
'/home/arturokkboss33/gestures/brodanski_aug_2/mix/biograd1_500.jpg',[],[],[],[],[],[],[],"[355,236,175,119]",[],[],[],[],[],[],[],[],boat
'/home/arturokkboss33/gestures/brodanski_aug_2/mix/biograd1_501.jpg',[],[],[],[],[],[],[],"[167,244,164,118]",[],[],[],[],[],[],[],[],boat
'/home/arturokkboss33/gestures/brodanski_aug_2/mix/biograd1_504.jpg',[],[],[],[],[],[],[],"[354,240,172,111]",[],[],[],[],[],[],[],[],boat
'/home/arturokkboss33/gestures/brodanski_aug_2/mix/biograd1_505.jpg',[],[],[],[],[],[],[],"[177,240,173,117]",[],[],[],[],[],[],[],[],boat
'/home/arturokkboss33/gestures/brodanski_aug_2/mix/biograd1_508.jpg',[],[],[],[],[],[],[],"[357,228,173,119]",[],[],[],[],[],[],[],[],boat
'/home/arturokkboss33/gestures/brodanski_aug_2/mix/biograd1_512.jpg',"[345,63,114,152]",[],[],[],[],[],[],[],[],[],[],[],[],[],[],[],start_comm
'/home/arturokkboss33/gestures/brodanski_aug_2/mix/biograd1_513.jpg',"[184,73,122,145]",[],[],[],[],[],[],[],[],[],[],[],[],[],[],[],start_comm
'/home/arturokkboss33/gestures/brodanski_aug_2/mix/biograd1_516.jpg',"[368,91,92,144]",[],[],[],[],[],[],[],[],[],[],[],[],[],[],[],start_comm
'/home/arturokkboss33/gestures/brodanski_aug_2/mix/biograd1_517.jpg',"[212,84,96,142]",[],[],[],[],[],[],[],[],[],[],[],[],[],[],[],start_comm
'/home/arturokkboss33/gestures/brodanski_aug_2/mix/biograd1_52.jpg',"[353,80,105,147]",[],[],[],[],[],[],[],[],[],[],[],[],[],[],[],start_comm
'/home/arturokkboss33/gestures/brodanski_aug_2/mix/biograd1_520.jpg',"[365,83,98,154]",[],[],[],[],[],[],[],[],[],[],[],[],[],[],[],start_comm
'/home/arturokkboss33/gestures/brodanski_aug_2/mix/biograd1_521.jpg',"[201,88,99,142]",[],[],[],[],[],[],[],[],[],[],[],[],[],[],[],start_comm
'/home/arturokkboss33/gestures/brodanski_aug_2/mix/biograd1_524.jpg',"[360,92,95,150]",[],[],[],[],[],[],[],[],[],[],[],[],[],[],[],start_comm
'/home/arturokkboss33/gestures/brodanski_aug_2/mix/biograd1_525.jpg',"[197,90,97,133]",[],[],[],[],[],[],[],[],[],[],[],[],[],[],[],start_comm
'/home/arturokkboss33/gestures/brodanski_aug_2/mix/biograd1_528.jpg',"[345,89,103,135]",[],[],[],[],[],[],[],[],[],[],[],[],[],[],[],start_comm
'/home/arturokkboss33/gestures/brodanski_aug_2/mix/biograd1_529.jpg',"[193,86,95,142]",[],[],[],[],[],[],[],[],[],[],[],[],[],[],[],start_comm
'/home/arturokkboss33/gestures/brodanski_aug_2/mix/biograd1_53.jpg',"[184,94,99,139]",[],[],[],[],[],[],[],[],[],[],[],[],[],[],[],start_comm
'/home/arturokkboss33/gestures/brodanski_aug_2/mix/biograd1_532.jpg',"[350,88,103,148]",[],[],[],[],[],[],[],[],[],[],[],[],[],[],[],start_comm
'/home/arturokkboss33/gestures/brodanski_aug_2/mix/biograd1_533.jpg',"[192,81,94,149]",[],[],[],[],[],[],[],[],[],[],[],[],[],[],[],start_comm
'/home/arturokkboss33/gestures/brodanski_aug_2/mix/biograd1_536.jpg',"[355,88,93,149]",[],[],[],[],[],[],[],[],[],[],[],[],[],[],[],start_comm
'/home/arturokkboss33/gestures/brodanski_aug_2/mix/biograd1_537.jpg',"[196,88,96,151]",[],[],[],[],[],[],[],[],[],[],[],[],[],[],[],start_comm
'/home/arturokkboss33/gestures/brodanski_aug_2/mix/biograd1_540.jpg',"[349,86,101,159]",[],[],[],[],[],[],[],[],[],[],[],[],[],[],[],start_comm
'/home/arturokkboss33/gestures/brodanski_aug_2/mix/biograd1_541.jpg',"[193,89,94,156]",[],[],[],[],[],[],[],[],[],[],[],[],[],[],[],start_comm
'/home/arturokkboss33/gestures/brodanski_aug_2/mix/biograd1_548.jpg',[],[],[],[],[],[],"[352,176,153,164]",[],[],[],[],[],[],[],[],[],carry
'/home/arturokkboss33/gestures/brodanski_aug_2/mix/biograd1_549.jpg',[],[],[],[],[],[],"[192,192,161,142]",[],[],[],[],[],[],[],[],[],carry
'/home/arturokkboss33/gestures/brodanski_aug_2/mix/biograd1_552.jpg',[],[],[],[],[],[],"[341,176,146,145]",[],[],[],[],[],[],[],[],[],carry
'/home/arturokkboss33/gestures/brodanski_aug_2/mix/biograd1_553.jpg',[],[],[],[],[],[],"[169,179,166,156]",[],[],[],[],[],[],[],[],[],carry
'/home/arturokkboss33/gestures/brodanski_aug_2/mix/biograd1_556.jpg',[],[],[],[],[],[],"[350,188,147,140]",[],[],[],[],[],[],[],[],[],carry
'/home/arturokkboss33/gestures/brodanski_aug_2/mix/biograd1_557.jpg',[],[],[],[],[],[],"[195,189,143,136]",[],[],[],[],[],[],[],[],[],carry
'/home/arturokkboss33/gestures/brodanski_aug_2/mix/biograd1_56.jpg',"[340,92,104,155]",[],[],[],[],[],[],[],[],[],[],[],[],[],[],[],start_comm
'/home/arturokkboss33/gestures/brodanski_aug_2/mix/biograd1_560.jpg',[],[],[],[],[],[],"[353,157,144,169]",[],[],[],[],[],[],[],[],[],carry
'/home/arturokkboss33/gestures/brodanski_aug_2/mix/biograd1_561.jpg',[],[],[],[],[],[],"[198,174,151,166]",[],[],[],[],[],[],[],[],[],carry
'/home/arturokkboss33/gestures/brodanski_aug_2/mix/biograd1_564.jpg',[],[],[],[],[],[],"[365,183,144,150]",[],[],[],[],[],[],[],[],[],carry
'/home/arturokkboss33/gestures/brodanski_aug_2/mix/biograd1_565.jpg',[],[],[],[],[],[],"[198,184,148,145]",[],[],[],[],[],[],[],[],[],carry
'/home/arturokkboss33/gestures/brodanski_aug_2/mix/biograd1_568.jpg',[],[],[],[],[],[],"[348,181,156,156]",[],[],[],[],[],[],[],[],[],carry
'/home/arturokkboss33/gestures/brodanski_aug_2/mix/biograd1_569.jpg',[],[],[],[],[],[],"[197,187,146,151]",[],[],[],[],[],[],[],[],[],carry
'/home/arturokkboss33/gestures/brodanski_aug_2/mix/biograd1_57.jpg',"[188,93,104,168]",[],[],[],[],[],[],[],[],[],[],[],[],[],[],[],start_comm
'/home/arturokkboss33/gestures/brodanski_aug_2/mix/biograd1_572.jpg',[],[],[],[],[],[],"[353,178,142,154]",[],[],[],[],[],[],[],[],[],carry
'/home/arturokkboss33/gestures/brodanski_aug_2/mix/biograd1_573.jpg',[],[],[],[],[],[],"[196,186,132,156]",[],[],[],[],[],[],[],[],[],carry
'/home/arturokkboss33/gestures/brodanski_aug_2/mix/biograd1_576.jpg',[],[],[],[],[],[],"[372,180,136,159]",[],[],[],[],[],[],[],[],[],carry
'/home/arturokkboss33/gestures/brodanski_aug_2/mix/biograd1_577.jpg',[],[],[],[],[],[],"[189,181,141,164]",[],[],[],[],[],[],[],[],[],carry
'/home/arturokkboss33/gestures/brodanski_aug_2/mix/biograd1_580.jpg',[],[],[],[],[],[],"[368,183,132,156]",[],[],[],[],[],[],[],[],[],carry
'/home/arturokkboss33/gestures/brodanski_aug_2/mix/biograd1_581.jpg',[],[],[],[],[],[],"[201,171,137,162]",[],[],[],[],[],[],[],[],[],carry
'/home/arturokkboss33/gestures/brodanski_aug_2/mix/biograd1_584.jpg',[],[],[],[],[],[],"[353,165,156,150]",[],[],[],[],[],[],[],[],[],carry
'/home/arturokkboss33/gestures/brodanski_aug_2/mix/biograd1_585.jpg',[],[],[],[],[],[],"[210,174,128,137]",[],[],[],[],[],[],[],[],[],carry
'/home/arturokkboss33/gestures/brodanski_aug_2/mix/biograd1_592.jpg',"[358,61,105,163]",[],[],[],[],[],[],[],[],[],[],[],[],[],[],[],start_comm
'/home/arturokkboss33/gestures/brodanski_aug_2/mix/biograd1_593.jpg',"[183,75,101,144]",[],[],[],[],[],[],[],[],[],[],[],[],[],[],[],start_comm
'/home/arturokkboss33/gestures/brodanski_aug_2/mix/biograd1_596.jpg',"[360,90,113,148]",[],[],[],[],[],[],[],[],[],[],[],[],[],[],[],start_comm
'/home/arturokkboss33/gestures/brodanski_aug_2/mix/biograd1_597.jpg',"[197,79,102,146]",[],[],[],[],[],[],[],[],[],[],[],[],[],[],[],start_comm
'/home/arturokkboss33/gestures/brodanski_aug_2/mix/biograd1_60.jpg',"[337,87,113,154]",[],[],[],[],[],[],[],[],[],[],[],[],[],[],[],start_comm
'/home/arturokkboss33/gestures/brodanski_aug_2/mix/biograd1_600.jpg',"[372,82,106,160]",[],[],[],[],[],[],[],[],[],[],[],[],[],[],[],start_comm
'/home/arturokkboss33/gestures/brodanski_aug_2/mix/biograd1_601.jpg',"[192,79,125,156]",[],[],[],[],[],[],[],[],[],[],[],[],[],[],[],start_comm
'/home/arturokkboss33/gestures/brodanski_aug_2/mix/biograd1_604.jpg',"[366,75,108,150]",[],[],[],[],[],[],[],[],[],[],[],[],[],[],[],start_comm
'/home/arturokkboss33/gestures/brodanski_aug_2/mix/biograd1_605.jpg',"[196,82,115,146]",[],[],[],[],[],[],[],[],[],[],[],[],[],[],[],start_comm
'/home/arturokkboss33/gestures/brodanski_aug_2/mix/biograd1_608.jpg',"[339,81,123,153]",[],[],[],[],[],[],[],[],[],[],[],[],[],[],[],start_comm
'/home/arturokkboss33/gestures/brodanski_aug_2/mix/biograd1_609.jpg',"[181,82,103,145]",[],[],[],[],[],[],[],[],[],[],[],[],[],[],[],start_comm
'/home/arturokkboss33/gestures/brodanski_aug_2/mix/biograd1_61.jpg',"[188,98,109,142]",[],[],[],[],[],[],[],[],[],[],[],[],[],[],[],start_comm
'/home/arturokkboss33/gestures/brodanski_aug_2/mix/biograd1_612.jpg',"[338,68,114,154]",[],[],[],[],[],[],[],[],[],[],[],[],[],[],[],start_comm
'/home/arturokkboss33/gestures/brodanski_aug_2/mix/biograd1_613.jpg',"[167,63,117,163]",[],[],[],[],[],[],[],[],[],[],[],[],[],[],[],start_comm
'/home/arturokkboss33/gestures/brodanski_aug_2/mix/biograd1_616.jpg',"[358,75,105,162]",[],[],[],[],[],[],[],[],[],[],[],[],[],[],[],start_comm
'/home/arturokkboss33/gestures/brodanski_aug_2/mix/biograd1_617.jpg',"[191,77,118,140]",[],[],[],[],[],[],[],[],[],[],[],[],[],[],[],start_comm
'/home/arturokkboss33/gestures/brodanski_aug_2/mix/biograd1_620.jpg',"[331,79,122,146]",[],[],[],[],[],[],[],[],[],[],[],[],[],[],[],start_comm
'/home/arturokkboss33/gestures/brodanski_aug_2/mix/biograd1_621.jpg',"[179,78,96,146]",[],[],[],[],[],[],[],[],[],[],[],[],[],[],[],start_comm
'/home/arturokkboss33/gestures/brodanski_aug_2/mix/biograd1_624.jpg',"[337,75,109,152]",[],[],[],[],[],[],[],[],[],[],[],[],[],[],[],start_comm
'/home/arturokkboss33/gestures/brodanski_aug_2/mix/biograd1_625.jpg',"[172,76,105,152]",[],[],[],[],[],[],[],[],[],[],[],[],[],[],[],start_comm
'/home/arturokkboss33/gestures/brodanski_aug_2/mix/biograd1_628.jpg',"[335,76,100,160]",[],[],[],[],[],[],[],[],[],[],[],[],[],[],[],start_comm
'/home/arturokkboss33/gestures/brodanski_aug_2/mix/biograd1_637.jpg',[],[],[],[],[],[],[],[],"[139,151,130,138]",[],[],[],[],[],[],[],here
'/home/arturokkboss33/gestures/brodanski_aug_2/mix/biograd1_64.jpg',"[345,104,106,150]",[],[],[],[],[],[],[],[],[],[],[],[],[],[],[],start_comm
'/home/arturokkboss33/gestures/brodanski_aug_2/mix/biograd1_640.jpg',[],[],[],[],[],[],[],[],"[335,161,105,135]",[],[],[],[],[],[],[],here
'/home/arturokkboss33/gestures/brodanski_aug_2/mix/biograd1_641.jpg',[],[],[],[],[],[],[],[],"[148,159,118,141]",[],[],[],[],[],[],[],here
'/home/arturokkboss33/gestures/brodanski_aug_2/mix/biograd1_644.jpg',[],[],[],[],[],[],[],[],"[334,160,114,127]",[],[],[],[],[],[],[],here
'/home/arturokkboss33/gestures/brodanski_aug_2/mix/biograd1_645.jpg',[],[],[],[],[],[],[],[],"[157,157,115,129]",[],[],[],[],[],[],[],here
'/home/arturokkboss33/gestures/brodanski_aug_2/mix/biograd1_648.jpg',[],[],[],[],[],[],[],[],"[325,156,116,130]",[],[],[],[],[],[],[],here
'/home/arturokkboss33/gestures/brodanski_aug_2/mix/biograd1_649.jpg',[],[],[],[],[],[],[],[],"[145,149,120,136]",[],[],[],[],[],[],[],here
'/home/arturokkboss33/gestures/brodanski_aug_2/mix/biograd1_65.jpg',"[198,109,96,136]",[],[],[],[],[],[],[],[],[],[],[],[],[],[],[],start_comm
'/home/arturokkboss33/gestures/brodanski_aug_2/mix/biograd1_652.jpg',[],[],[],[],[],[],[],[],"[311,147,127,129]",[],[],[],[],[],[],[],here
'/home/arturokkboss33/gestures/brodanski_aug_2/mix/biograd1_653.jpg',[],[],[],[],[],[],[],[],"[133,152,114,126]",[],[],[],[],[],[],[],here
'/home/arturokkboss33/gestures/brodanski_aug_2/mix/biograd1_656.jpg',[],[],[],[],[],[],[],[],"[319,152,110,120]",[],[],[],[],[],[],[],here
'/home/arturokkboss33/gestures/brodanski_aug_2/mix/biograd1_657.jpg',[],[],[],[],[],[],[],[],"[138,151,124,128]",[],[],[],[],[],[],[],here
'/home/arturokkboss33/gestures/brodanski_aug_2/mix/biograd1_660.jpg',[],[],[],[],[],[],[],[],"[311,142,117,136]",[],[],[],[],[],[],[],here
'/home/arturokkboss33/gestures/brodanski_aug_2/mix/biograd1_661.jpg',[],[],[],[],[],[],[],[],"[135,145,127,132]",[],[],[],[],[],[],[],here
'/home/arturokkboss33/gestures/brodanski_aug_2/mix/biograd1_664.jpg',[],[],[],[],[],[],[],[],"[314,137,124,145]",[],[],[],[],[],[],[],here
'/home/arturokkboss33/gestures/brodanski_aug_2/mix/biograd1_665.jpg',[],[],[],[],[],[],[],[],"[128,152,132,120]",[],[],[],[],[],[],[],here
'/home/arturokkboss33/gestures/brodanski_aug_2/mix/biograd1_668.jpg',[],[],[],[],[],[],[],[],"[314,136,134,144]",[],[],[],[],[],[],[],here
'/home/arturokkboss33/gestures/brodanski_aug_2/mix/biograd1_669.jpg',[],[],[],[],[],[],[],[],"[129,146,133,131]",[],[],[],[],[],[],[],here
'/home/arturokkboss33/gestures/brodanski_aug_2/mix/biograd1_672.jpg',[],[],[],[],[],[],[],[],"[319,140,122,139]",[],[],[],[],[],[],[],here
'/home/arturokkboss33/gestures/brodanski_aug_2/mix/biograd1_673.jpg',[],[],[],[],[],[],[],[],"[133,151,125,125]",[],[],[],[],[],[],[],here
'/home/arturokkboss33/gestures/brodanski_aug_2/mix/biograd1_676.jpg',[],[],[],[],[],[],[],[],"[328,144,122,124]",[],[],[],[],[],[],[],here
'/home/arturokkboss33/gestures/brodanski_aug_2/mix/biograd1_68.jpg',"[355,103,103,137]",[],[],[],[],[],[],[],[],[],[],[],[],[],[],[],start_comm
'/home/arturokkboss33/gestures/brodanski_aug_2/mix/biograd1_680.jpg',[],"[355,51,95,130]",[],[],[],[],[],[],[],[],[],[],[],[],[],[],end_comm
'/home/arturokkboss33/gestures/brodanski_aug_2/mix/biograd1_681.jpg',[],"[201,59,100,143]",[],[],[],[],[],[],[],[],[],[],[],[],[],[],end_comm
'/home/arturokkboss33/gestures/brodanski_aug_2/mix/biograd1_684.jpg',[],"[377,81,86,150]",[],[],[],[],[],[],[],[],[],[],[],[],[],[],end_comm
'/home/arturokkboss33/gestures/brodanski_aug_2/mix/biograd1_685.jpg',[],"[208,88,81,130]",[],[],[],[],[],[],[],[],[],[],[],[],[],[],end_comm
'/home/arturokkboss33/gestures/brodanski_aug_2/mix/biograd1_688.jpg',[],"[377,91,86,149]",[],[],[],[],[],[],[],[],[],[],[],[],[],[],end_comm
'/home/arturokkboss33/gestures/brodanski_aug_2/mix/biograd1_689.jpg',[],"[201,96,84,139]",[],[],[],[],[],[],[],[],[],[],[],[],[],[],end_comm
'/home/arturokkboss33/gestures/brodanski_aug_2/mix/biograd1_69.jpg',"[197,101,92,136]",[],[],[],[],[],[],[],[],[],[],[],[],[],[],[],start_comm
'/home/arturokkboss33/gestures/brodanski_aug_2/mix/biograd1_692.jpg',[],"[371,83,89,154]",[],[],[],[],[],[],[],[],[],[],[],[],[],[],end_comm
'/home/arturokkboss33/gestures/brodanski_aug_2/mix/biograd1_693.jpg',[],"[192,86,80,156]",[],[],[],[],[],[],[],[],[],[],[],[],[],[],end_comm
'/home/arturokkboss33/gestures/brodanski_aug_2/mix/biograd1_696.jpg',[],"[365,90,81,153]",[],[],[],[],[],[],[],[],[],[],[],[],[],[],end_comm
'/home/arturokkboss33/gestures/brodanski_aug_2/mix/biograd1_697.jpg',[],"[184,82,90,160]",[],[],[],[],[],[],[],[],[],[],[],[],[],[],end_comm
'/home/arturokkboss33/gestures/brodanski_aug_2/mix/biograd1_700.jpg',[],"[367,86,82,158]",[],[],[],[],[],[],[],[],[],[],[],[],[],[],end_comm
'/home/arturokkboss33/gestures/brodanski_aug_2/mix/biograd1_701.jpg',[],"[190,89,81,154]",[],[],[],[],[],[],[],[],[],[],[],[],[],[],end_comm
'/home/arturokkboss33/gestures/brodanski_aug_2/mix/biograd1_704.jpg',[],"[375,84,87,154]",[],[],[],[],[],[],[],[],[],[],[],[],[],[],end_comm
'/home/arturokkboss33/gestures/brodanski_aug_2/mix/biograd1_705.jpg',[],"[199,76,88,161]",[],[],[],[],[],[],[],[],[],[],[],[],[],[],end_comm
'/home/arturokkboss33/gestures/brodanski_aug_2/mix/biograd1_708.jpg',[],"[398,82,80,144]",[],[],[],[],[],[],[],[],[],[],[],[],[],[],end_comm
'/home/arturokkboss33/gestures/brodanski_aug_2/mix/biograd1_709.jpg',[],"[223,75,83,158]",[],[],[],[],[],[],[],[],[],[],[],[],[],[],end_comm
'/home/arturokkboss33/gestures/brodanski_aug_2/mix/biograd1_712.jpg',[],"[406,72,76,156]",[],[],[],[],[],[],[],[],[],[],[],[],[],[],end_comm
'/home/arturokkboss33/gestures/brodanski_aug_2/mix/biograd1_713.jpg',[],"[226,66,80,160]",[],[],[],[],[],[],[],[],[],[],[],[],[],[],end_comm
'/home/arturokkboss33/gestures/brodanski_aug_2/mix/biograd1_716.jpg',[],"[410,74,75,156]",[],[],[],[],[],[],[],[],[],[],[],[],[],[],end_comm
'/home/arturokkboss33/gestures/brodanski_aug_2/mix/biograd1_717.jpg',[],"[228,75,91,153]",[],[],[],[],[],[],[],[],[],[],[],[],[],[],end_comm
'/home/arturokkboss33/gestures/brodanski_aug_2/mix/biograd1_72.jpg',"[353,92,100,152]",[],[],[],[],[],[],[],[],[],[],[],[],[],[],[],start_comm
'/home/arturokkboss33/gestures/brodanski_aug_2/mix/biograd1_720.jpg',[],"[403,72,84,150]",[],[],[],[],[],[],[],[],[],[],[],[],[],[],end_comm
'/home/arturokkboss33/gestures/brodanski_aug_2/mix/biograd1_721.jpg',[],"[231,70,80,158]",[],[],[],[],[],[],[],[],[],[],[],[],[],[],end_comm
'/home/arturokkboss33/gestures/brodanski_aug_2/mix/biograd1_724.jpg',[],"[399,74,81,153]",[],[],[],[],[],[],[],[],[],[],[],[],[],[],end_comm
'/home/arturokkboss33/gestures/brodanski_aug_2/mix/biograd1_725.jpg',[],"[221,72,85,155]",[],[],[],[],[],[],[],[],[],[],[],[],[],[],end_comm
'/home/arturokkboss33/gestures/brodanski_aug_2/mix/biograd1_728.jpg',[],"[402,76,78,161]",[],[],[],[],[],[],[],[],[],[],[],[],[],[],end_comm
'/home/arturokkboss33/gestures/brodanski_aug_2/mix/biograd1_729.jpg',[],"[221,74,76,158]",[],[],[],[],[],[],[],[],[],[],[],[],[],[],end_comm
'/home/arturokkboss33/gestures/brodanski_aug_2/mix/biograd1_73.jpg',"[192,98,108,143]",[],[],[],[],[],[],[],[],[],[],[],[],[],[],[],start_comm
'/home/arturokkboss33/gestures/brodanski_aug_2/mix/biograd1_732.jpg',[],"[392,76,83,153]",[],[],[],[],[],[],[],[],[],[],[],[],[],[],end_comm
'/home/arturokkboss33/gestures/brodanski_aug_2/mix/biograd1_733.jpg',[],"[202,74,91,146]",[],[],[],[],[],[],[],[],[],[],[],[],[],[],end_comm
'/home/arturokkboss33/gestures/brodanski_aug_2/mix/biograd1_736.jpg',[],"[380,74,87,159]",[],[],[],[],[],[],[],[],[],[],[],[],[],[],end_comm
'/home/arturokkboss33/gestures/brodanski_aug_2/mix/biograd1_737.jpg',[],"[205,66,77,151]",[],[],[],[],[],[],[],[],[],[],[],[],[],[],end_comm
'/home/arturokkboss33/gestures/brodanski_aug_2/mix/biograd1_740.jpg',[],"[389,72,78,156]",[],[],[],[],[],[],[],[],[],[],[],[],[],[],end_comm
'/home/arturokkboss33/gestures/brodanski_aug_2/mix/biograd1_741.jpg',[],"[211,71,92,152]",[],[],[],[],[],[],[],[],[],[],[],[],[],[],end_comm
'/home/arturokkboss33/gestures/brodanski_aug_2/mix/biograd1_744.jpg',[],"[388,66,98,159]",[],[],[],[],[],[],[],[],[],[],[],[],[],[],end_comm
'/home/arturokkboss33/gestures/brodanski_aug_2/mix/biograd1_745.jpg',[],"[220,62,86,160]",[],[],[],[],[],[],[],[],[],[],[],[],[],[],end_comm
'/home/arturokkboss33/gestures/brodanski_aug_2/mix/biograd1_748.jpg',[],"[394,69,88,159]",[],[],[],[],[],[],[],[],[],[],[],[],[],[],end_comm
'/home/arturokkboss33/gestures/brodanski_aug_2/mix/biograd1_749.jpg',[],"[226,70,90,153]",[],[],[],[],[],[],[],[],[],[],[],[],[],[],end_comm
'/home/arturokkboss33/gestures/brodanski_aug_2/mix/biograd1_752.jpg',[],"[402,77,82,170]",[],[],[],[],[],[],[],[],[],[],[],[],[],[],end_comm
'/home/arturokkboss33/gestures/brodanski_aug_2/mix/biograd1_753.jpg',[],"[223,74,86,157]",[],[],[],[],[],[],[],[],[],[],[],[],[],[],end_comm
'/home/arturokkboss33/gestures/brodanski_aug_2/mix/biograd1_756.jpg',[],"[402,83,83,154]",[],[],[],[],[],[],[],[],[],[],[],[],[],[],end_comm
'/home/arturokkboss33/gestures/brodanski_aug_2/mix/biograd1_757.jpg',[],"[217,77,106,151]",[],[],[],[],[],[],[],[],[],[],[],[],[],[],end_comm
'/home/arturokkboss33/gestures/brodanski_aug_2/mix/biograd1_76.jpg',"[358,97,95,150]",[],[],[],[],[],[],[],[],[],[],[],[],[],[],[],start_comm
'/home/arturokkboss33/gestures/brodanski_aug_2/mix/biograd1_760.jpg',[],"[402,74,92,159]",[],[],[],[],[],[],[],[],[],[],[],[],[],[],end_comm
'/home/arturokkboss33/gestures/brodanski_aug_2/mix/biograd1_761.jpg',[],"[212,72,107,156]",[],[],[],[],[],[],[],[],[],[],[],[],[],[],end_comm
'/home/arturokkboss33/gestures/brodanski_aug_2/mix/biograd1_77.jpg',"[192,93,112,147]",[],[],[],[],[],[],[],[],[],[],[],[],[],[],[],start_comm
'/home/arturokkboss33/gestures/brodanski_aug_2/mix/biograd1_80.jpg',"[337,90,121,155]",[],[],[],[],[],[],[],[],[],[],[],[],[],[],[],start_comm
'/home/arturokkboss33/gestures/brodanski_aug_2/mix/biograd1_81.jpg',"[181,93,115,132]",[],[],[],[],[],[],[],[],[],[],[],[],[],[],[],start_comm
'/home/arturokkboss33/gestures/brodanski_aug_2/mix/biograd1_100.jpg',[],[],[],[],[],[],[],[],[],"[473,65,107,145;271,63,104,155]",[],[],[],[],[],[],mosaic
'/home/arturokkboss33/gestures/brodanski_aug_2/mix/biograd1_101.jpg',[],[],[],[],[],[],[],[],[],"[326,68,98,147;116,69,94,129]",[],[],[],[],[],[],mosaic
'/home/arturokkboss33/gestures/brodanski_aug_2/mix/biograd1_104.jpg',[],[],[],[],[],[],[],[],[],"[480,71,105,147;272,67,108,158]",[],[],[],[],[],[],mosaic
'/home/arturokkboss33/gestures/brodanski_aug_2/mix/biograd1_105.jpg',[],[],[],[],[],[],[],[],[],"[329,78,94,144;115,59,102,156]",[],[],[],[],[],[],mosaic
'/home/arturokkboss33/gestures/brodanski_aug_2/mix/biograd1_108.jpg',[],[],[],[],[],[],[],[],[],"[472,72,108,139;260,61,103,158]",[],[],[],[],[],[],mosaic
'/home/arturokkboss33/gestures/brodanski_aug_2/mix/biograd1_109.jpg',[],[],[],[],[],[],[],[],[],"[324,70,97,145;108,59,93,142]",[],[],[],[],[],[],mosaic
'/home/arturokkboss33/gestures/brodanski_aug_2/mix/biograd1_112.jpg',[],[],[],[],[],[],[],[],[],"[473,74,104,150;264,58,99,151]",[],[],[],[],[],[],mosaic
'/home/arturokkboss33/gestures/brodanski_aug_2/mix/biograd1_113.jpg',[],[],[],[],[],[],[],[],[],"[316,74,105,146;106,66,98,139]",[],[],[],[],[],[],mosaic
'/home/arturokkboss33/gestures/brodanski_aug_2/mix/biograd1_116.jpg',[],[],[],[],[],[],[],[],[],"[466,77,112,143;273,69,109,144]",[],[],[],[],[],[],mosaic
'/home/arturokkboss33/gestures/brodanski_aug_2/mix/biograd1_117.jpg',[],[],[],[],[],[],[],[],[],"[323,90,107,140;121,66,104,142]",[],[],[],[],[],[],mosaic
'/home/arturokkboss33/gestures/brodanski_aug_2/mix/biograd1_120.jpg',[],[],[],[],[],[],[],[],[],"[474,67,123,143;281,67,96,142]",[],[],[],[],[],[],mosaic
'/home/arturokkboss33/gestures/brodanski_aug_2/mix/biograd1_121.jpg',[],[],[],[],[],[],[],[],[],"[313,66,130,148;124,64,90,142]",[],[],[],[],[],[],mosaic
'/home/arturokkboss33/gestures/brodanski_aug_2/mix/biograd1_124.jpg',[],[],[],[],[],[],[],[],[],"[477,72,101,137;274,64,98,131]",[],[],[],[],[],[],mosaic
'/home/arturokkboss33/gestures/brodanski_aug_2/mix/biograd1_125.jpg',[],[],[],[],[],[],[],[],[],"[308,75,113,138;111,69,100,138]",[],[],[],[],[],[],mosaic
'/home/arturokkboss33/gestures/brodanski_aug_2/mix/biograd1_128.jpg',[],[],[],[],[],[],[],[],[],"[474,76,113,139;269,68,95,133]",[],[],[],[],[],[],mosaic
'/home/arturokkboss33/gestures/brodanski_aug_2/mix/biograd1_129.jpg',[],[],[],[],[],[],[],[],[],"[320,67,104,140;102,61,111,146]",[],[],[],[],[],[],mosaic
'/home/arturokkboss33/gestures/brodanski_aug_2/mix/biograd1_132.jpg',[],[],[],[],[],[],[],[],[],"[485,58,99,151;272,68,106,145]",[],[],[],[],[],[],mosaic
'/home/arturokkboss33/gestures/brodanski_aug_2/mix/biograd1_133.jpg',[],[],[],[],[],[],[],[],[],"[318,70,101,134;104,73,108,132]",[],[],[],[],[],[],mosaic
'/home/arturokkboss33/gestures/brodanski_aug_2/mix/biograd1_136.jpg',[],[],[],[],[],[],[],[],[],"[476,57,111,149;275,63,107,138]",[],[],[],[],[],[],mosaic
'/home/arturokkboss33/gestures/brodanski_aug_2/mix/biograd1_137.jpg',[],[],[],[],[],[],[],[],[],"[327,68,105,134;123,67,104,142]",[],[],[],[],[],[],mosaic
'/home/arturokkboss33/gestures/brodanski_aug_2/mix/biograd1_140.jpg',[],[],[],[],[],[],[],[],[],"[485,65,107,141;275,70,107,133]",[],[],[],[],[],[],mosaic
'/home/arturokkboss33/gestures/brodanski_aug_2/mix/biograd1_141.jpg',[],[],[],[],[],[],[],[],[],"[320,66,106,140;116,63,100,150]",[],[],[],[],[],[],mosaic
'/home/arturokkboss33/gestures/brodanski_aug_2/mix/biograd1_88.jpg',[],[],[],[],[],[],[],[],[],"[491,49,111,158;271,50,104,153]",[],[],[],[],[],[],mosaic
'/home/arturokkboss33/gestures/brodanski_aug_2/mix/biograd1_89.jpg',[],[],[],[],[],[],[],[],[],"[337,52,115,152;111,53,93,145]",[],[],[],[],[],[],mosaic
'/home/arturokkboss33/gestures/brodanski_aug_2/mix/biograd1_92.jpg',[],[],[],[],[],[],[],[],[],"[488,58,107,139;265,52,96,146]",[],[],[],[],[],[],mosaic
'/home/arturokkboss33/gestures/brodanski_aug_2/mix/biograd1_93.jpg',[],[],[],[],[],[],[],[],[],"[326,61,107,146;102,56,92,132]",[],[],[],[],[],[],mosaic
'/home/arturokkboss33/gestures/brodanski_aug_2/mix/biograd1_96.jpg',[],[],[],[],[],[],[],[],[],"[475,58,107,151;256,56,97,137]",[],[],[],[],[],[],mosaic
'/home/arturokkboss33/gestures/brodanski_aug_2/mix/biograd1_97.jpg',[],[],[],[],[],[],[],[],[],"[322,65,113,144;112,66,80,142]",[],[],[],[],[],[],mosaic
